serial,name,element,resSeq,resName,chainID,segmentID
1,N,N,1,ALA,0,
2,H,H,1,ALA,0,
3,H2,H,1,ALA,0,
4,H3,H,1,ALA,0,
5,CA,C,1,ALA,0,
6,HA,H,1,ALA,0,
7,CB,C,1,ALA,0,
8,HB1,H,1,ALA,0,
9,HB2,H,1,ALA,0,
10,HB3,H,1,ALA,0,
11,C,C,1,ALA,0,
12,O,O,1,ALA,0,
13,OXT,O,1,ALA,0,
14,O,O,2,HOH,0,
15,H1,H,2,HOH,0,
16,H2,H,2,HOH,0,
17,O,O,3,HOH,0,
18,H1,H,3,HOH,0,
19,H2,H,3,HOH,0,
20,O,O,4,HOH,0,
21,H1,H,4,HOH,0,
22,H2,H,4,HOH,0,
23,O,O,5,HOH,0,
24,H1,H,5,HOH,0,
25,H2,H,5,HOH,0,
26,O,O,6,HOH,0,
27,H1,H,6,HOH,0,
28,H2,H,6,HOH,0,
29,O,O,7,HOH,0,
30,H1,H,7,HOH,0,
31,H2,H,7,HOH,0,
32,O,O,8,HOH,0,
33,H1,H,8,HOH,0,
34,H2,H,8,HOH,0,
35,O,O,9,HOH,0,
36,H1,H,9,HOH,0,
37,H2,H,9,HOH,0,
38,O,O,10,HOH,0,
39,H1,H,10,HOH,0,
40,H2,H,10,HOH,0,
41,O,O,11,HOH,0,
42,H1,H,11,HOH,0,
43,H2,H,11,HOH,0,
44,O,O,12,HOH,0,
45,H1,H,12,HOH,0,
46,H2,H,12,HOH,0,
47,O,O,13,HOH,0,
48,H1,H,13,HOH,0,
49,H2,H,13,HOH,0,
50,O,O,14,HOH,0,
51,H1,H,14,HOH,0,
52,H2,H,14,HOH,0,
53,O,O,15,HOH,0,
54,H1,H,15,HOH,0,
55,H2,H,15,HOH,0,
56,O,O,16,HOH,0,
57,H1,H,16,HOH,0,
58,H2,H,16,HOH,0,
59,O,O,17,HOH,0,
60,H1,H,17,HOH,0,
61,H2,H,17,HOH,0,
62,O,O,18,HOH,0,
63,H1,H,18,HOH,0,
64,H2,H,18,HOH,0,
65,O,O,19,HOH,0,
66,H1,H,19,HOH,0,
67,H2,H,19,HOH,0,
68,O,O,20,HOH,0,
69,H1,H,20,HOH,0,
70,H2,H,20,HOH,0,
71,O,O,21,HOH,0,
72,H1,H,21,HOH,0,
73,H2,H,21,HOH,0,
74,O,O,22,HOH,0,
75,H1,H,22,HOH,0,
76,H2,H,22,HOH,0,
77,O,O,23,HOH,0,
78,H1,H,23,HOH,0,
79,H2,H,23,HOH,0,
80,O,O,24,HOH,0,
81,H1,H,24,HOH,0,
82,H2,H,24,HOH,0,
83,O,O,25,HOH,0,
84,H1,H,25,HOH,0,
85,H2,H,25,HOH,0,
86,O,O,26,HOH,0,
87,H1,H,26,HOH,0,
88,H2,H,26,HOH,0,
89,O,O,27,HOH,0,
90,H1,H,27,HOH,0,
91,H2,H,27,HOH,0,
92,O,O,28,HOH,0,
93,H1,H,28,HOH,0,
94,H2,H,28,HOH,0,
95,O,O,29,HOH,0,
96,H1,H,29,HOH,0,
97,H2,H,29,HOH,0,
98,O,O,30,HOH,0,
99,H1,H,30,HOH,0,
100,H2,H,30,HOH,0,
101,O,O,31,HOH,0,
102,H1,H,31,HOH,0,
103,H2,H,31,HOH,0,
104,O,O,32,HOH,0,
105,H1,H,32,HOH,0,
106,H2,H,32,HOH,0,
107,O,O,33,HOH,0,
108,H1,H,33,HOH,0,
109,H2,H,33,HOH,0,
110,O,O,34,HOH,0,
111,H1,H,34,HOH,0,
112,H2,H,34,HOH,0,
113,O,O,35,HOH,0,
114,H1,H,35,HOH,0,
115,H2,H,35,HOH,0,
116,O,O,36,HOH,0,
117,H1,H,36,HOH,0,
118,H2,H,36,HOH,0,
119,O,O,37,HOH,0,
120,H1,H,37,HOH,0,
121,H2,H,37,HOH,0,
122,O,O,38,HOH,0,
123,H1,H,38,HOH,0,
124,H2,H,38,HOH,0,
125,O,O,39,HOH,0,
126,H1,H,39,HOH,0,
127,H2,H,39,HOH,0,
128,O,O,40,HOH,0,
129,H1,H,40,HOH,0,
130,H2,H,40,HOH,0,
131,O,O,41,HOH,0,
132,H1,H,41,HOH,0,
133,H2,H,41,HOH,0,
134,O,O,42,HOH,0,
135,H1,H,42,HOH,0,
136,H2,H,42,HOH,0,
137,O,O,43,HOH,0,
138,H1,H,43,HOH,0,
139,H2,H,43,HOH,0,
140,O,O,44,HOH,0,
141,H1,H,44,HOH,0,
142,H2,H,44,HOH,0,
143,O,O,45,HOH,0,
144,H1,H,45,HOH,0,
145,H2,H,45,HOH,0,
146,O,O,46,HOH,0,
147,H1,H,46,HOH,0,
148,H2,H,46,HOH,0,
149,O,O,47,HOH,0,
150,H1,H,47,HOH,0,
151,H2,H,47,HOH,0,
152,O,O,48,HOH,0,
153,H1,H,48,HOH,0,
154,H2,H,48,HOH,0,
155,O,O,49,HOH,0,
156,H1,H,49,HOH,0,
157,H2,H,49,HOH,0,
158,O,O,50,HOH,0,
159,H1,H,50,HOH,0,
160,H2,H,50,HOH,0,
161,O,O,51,HOH,0,
162,H1,H,51,HOH,0,
163,H2,H,51,HOH,0,
164,O,O,52,HOH,0,
165,H1,H,52,HOH,0,
166,H2,H,52,HOH,0,
167,O,O,53,HOH,0,
168,H1,H,53,HOH,0,
169,H2,H,53,HOH,0,
170,O,O,54,HOH,0,
171,H1,H,54,HOH,0,
172,H2,H,54,HOH,0,
173,O,O,55,HOH,0,
174,H1,H,55,HOH,0,
175,H2,H,55,HOH,0,
176,O,O,56,HOH,0,
177,H1,H,56,HOH,0,
178,H2,H,56,HOH,0,
179,O,O,57,HOH,0,
180,H1,H,57,HOH,0,
181,H2,H,57,HOH,0,
182,O,O,58,HOH,0,
183,H1,H,58,HOH,0,
184,H2,H,58,HOH,0,
185,O,O,59,HOH,0,
186,H1,H,59,HOH,0,
187,H2,H,59,HOH,0,
188,O,O,60,HOH,0,
189,H1,H,60,HOH,0,
190,H2,H,60,HOH,0,
191,O,O,61,HOH,0,
192,H1,H,61,HOH,0,
193,H2,H,61,HOH,0,
194,O,O,62,HOH,0,
195,H1,H,62,HOH,0,
196,H2,H,62,HOH,0,
197,O,O,63,HOH,0,
198,H1,H,63,HOH,0,
199,H2,H,63,HOH,0,
200,O,O,64,HOH,0,
201,H1,H,64,HOH,0,
202,H2,H,64,HOH,0,
203,O,O,65,HOH,0,
204,H1,H,65,HOH,0,
205,H2,H,65,HOH,0,
206,O,O,66,HOH,0,
207,H1,H,66,HOH,0,
208,H2,H,66,HOH,0,
209,O,O,67,HOH,0,
210,H1,H,67,HOH,0,
211,H2,H,67,HOH,0,
212,O,O,68,HOH,0,
213,H1,H,68,HOH,0,
214,H2,H,68,HOH,0,
215,O,O,69,HOH,0,
216,H1,H,69,HOH,0,
217,H2,H,69,HOH,0,
218,O,O,70,HOH,0,
219,H1,H,70,HOH,0,
220,H2,H,70,HOH,0,
221,O,O,71,HOH,0,
222,H1,H,71,HOH,0,
223,H2,H,71,HOH,0,
224,O,O,72,HOH,0,
225,H1,H,72,HOH,0,
226,H2,H,72,HOH,0,
227,O,O,73,HOH,0,
228,H1,H,73,HOH,0,
229,H2,H,73,HOH,0,
230,O,O,74,HOH,0,
231,H1,H,74,HOH,0,
232,H2,H,74,HOH,0,
233,O,O,75,HOH,0,
234,H1,H,75,HOH,0,
235,H2,H,75,HOH,0,
236,O,O,76,HOH,0,
237,H1,H,76,HOH,0,
238,H2,H,76,HOH,0,
239,O,O,77,HOH,0,
240,H1,H,77,HOH,0,
241,H2,H,77,HOH,0,
242,O,O,78,HOH,0,
243,H1,H,78,HOH,0,
244,H2,H,78,HOH,0,
245,O,O,79,HOH,0,
246,H1,H,79,HOH,0,
247,H2,H,79,HOH,0,
248,O,O,80,HOH,0,
249,H1,H,80,HOH,0,
250,H2,H,80,HOH,0,
251,O,O,81,HOH,0,
252,H1,H,81,HOH,0,
253,H2,H,81,HOH,0,
254,O,O,82,HOH,0,
255,H1,H,82,HOH,0,
256,H2,H,82,HOH,0,
257,O,O,83,HOH,0,
258,H1,H,83,HOH,0,
259,H2,H,83,HOH,0,
260,O,O,84,HOH,0,
261,H1,H,84,HOH,0,
262,H2,H,84,HOH,0,
263,O,O,85,HOH,0,
264,H1,H,85,HOH,0,
265,H2,H,85,HOH,0,
266,O,O,86,HOH,0,
267,H1,H,86,HOH,0,
268,H2,H,86,HOH,0,
269,O,O,87,HOH,0,
270,H1,H,87,HOH,0,
271,H2,H,87,HOH,0,
272,O,O,88,HOH,0,
273,H1,H,88,HOH,0,
274,H2,H,88,HOH,0,
275,O,O,89,HOH,0,
276,H1,H,89,HOH,0,
277,H2,H,89,HOH,0,
278,O,O,90,HOH,0,
279,H1,H,90,HOH,0,
280,H2,H,90,HOH,0,
281,O,O,91,HOH,0,
282,H1,H,91,HOH,0,
283,H2,H,91,HOH,0,
284,O,O,92,HOH,0,
285,H1,H,92,HOH,0,
286,H2,H,92,HOH,0,
287,O,O,93,HOH,0,
288,H1,H,93,HOH,0,
289,H2,H,93,HOH,0,
290,O,O,94,HOH,0,
291,H1,H,94,HOH,0,
292,H2,H,94,HOH,0,
293,O,O,95,HOH,0,
294,H1,H,95,HOH,0,
295,H2,H,95,HOH,0,
296,O,O,96,HOH,0,
297,H1,H,96,HOH,0,
298,H2,H,96,HOH,0,
299,O,O,97,HOH,0,
300,H1,H,97,HOH,0,
301,H2,H,97,HOH,0,
302,O,O,98,HOH,0,
303,H1,H,98,HOH,0,
304,H2,H,98,HOH,0,
305,O,O,99,HOH,0,
306,H1,H,99,HOH,0,
307,H2,H,99,HOH,0,
308,O,O,100,HOH,0,
309,H1,H,100,HOH,0,
310,H2,H,100,HOH,0,
311,O,O,101,HOH,0,
312,H1,H,101,HOH,0,
313,H2,H,101,HOH,0,
314,O,O,102,HOH,0,
315,H1,H,102,HOH,0,
316,H2,H,102,HOH,0,
317,O,O,103,HOH,0,
318,H1,H,103,HOH,0,
319,H2,H,103,HOH,0,
320,O,O,104,HOH,0,
321,H1,H,104,HOH,0,
322,H2,H,104,HOH,0,
323,O,O,105,HOH,0,
324,H1,H,105,HOH,0,
325,H2,H,105,HOH,0,
326,O,O,106,HOH,0,
327,H1,H,106,HOH,0,
328,H2,H,106,HOH,0,
329,O,O,107,HOH,0,
330,H1,H,107,HOH,0,
331,H2,H,107,HOH,0,
332,O,O,108,HOH,0,
333,H1,H,108,HOH,0,
334,H2,H,108,HOH,0,
335,O,O,109,HOH,0,
336,H1,H,109,HOH,0,
337,H2,H,109,HOH,0,
338,O,O,110,HOH,0,
339,H1,H,110,HOH,0,
340,H2,H,110,HOH,0,
341,O,O,111,HOH,0,
342,H1,H,111,HOH,0,
343,H2,H,111,HOH,0,
344,O,O,112,HOH,0,
345,H1,H,112,HOH,0,
346,H2,H,112,HOH,0,
347,O,O,113,HOH,0,
348,H1,H,113,HOH,0,
349,H2,H,113,HOH,0,
350,O,O,114,HOH,0,
351,H1,H,114,HOH,0,
352,H2,H,114,HOH,0,
353,O,O,115,HOH,0,
354,H1,H,115,HOH,0,
355,H2,H,115,HOH,0,
356,O,O,116,HOH,0,
357,H1,H,116,HOH,0,
358,H2,H,116,HOH,0,
359,O,O,117,HOH,0,
360,H1,H,117,HOH,0,
361,H2,H,117,HOH,0,
362,O,O,118,HOH,0,
363,H1,H,118,HOH,0,
364,H2,H,118,HOH,0,
365,O,O,119,HOH,0,
366,H1,H,119,HOH,0,
367,H2,H,119,HOH,0,
368,O,O,120,HOH,0,
369,H1,H,120,HOH,0,
370,H2,H,120,HOH,0,
371,O,O,121,HOH,0,
372,H1,H,121,HOH,0,
373,H2,H,121,HOH,0,
374,O,O,122,HOH,0,
375,H1,H,122,HOH,0,
376,H2,H,122,HOH,0,
377,O,O,123,HOH,0,
378,H1,H,123,HOH,0,
379,H2,H,123,HOH,0,
380,O,O,124,HOH,0,
381,H1,H,124,HOH,0,
382,H2,H,124,HOH,0,
383,O,O,125,HOH,0,
384,H1,H,125,HOH,0,
385,H2,H,125,HOH,0,
386,O,O,126,HOH,0,
387,H1,H,126,HOH,0,
388,H2,H,126,HOH,0,
389,O,O,127,HOH,0,
390,H1,H,127,HOH,0,
391,H2,H,127,HOH,0,
392,O,O,128,HOH,0,
393,H1,H,128,HOH,0,
394,H2,H,128,HOH,0,
395,O,O,129,HOH,0,
396,H1,H,129,HOH,0,
397,H2,H,129,HOH,0,
398,O,O,130,HOH,0,
399,H1,H,130,HOH,0,
400,H2,H,130,HOH,0,
401,O,O,131,HOH,0,
402,H1,H,131,HOH,0,
403,H2,H,131,HOH,0,
404,O,O,132,HOH,0,
405,H1,H,132,HOH,0,
406,H2,H,132,HOH,0,
407,O,O,133,HOH,0,
408,H1,H,133,HOH,0,
409,H2,H,133,HOH,0,
410,O,O,134,HOH,0,
411,H1,H,134,HOH,0,
412,H2,H,134,HOH,0,
413,O,O,135,HOH,0,
414,H1,H,135,HOH,0,
415,H2,H,135,HOH,0,
416,O,O,136,HOH,0,
417,H1,H,136,HOH,0,
418,H2,H,136,HOH,0,
419,O,O,137,HOH,0,
420,H1,H,137,HOH,0,
421,H2,H,137,HOH,0,
422,O,O,138,HOH,0,
423,H1,H,138,HOH,0,
424,H2,H,138,HOH,0,
425,O,O,139,HOH,0,
426,H1,H,139,HOH,0,
427,H2,H,139,HOH,0,
428,O,O,140,HOH,0,
429,H1,H,140,HOH,0,
430,H2,H,140,HOH,0,
431,O,O,141,HOH,0,
432,H1,H,141,HOH,0,
433,H2,H,141,HOH,0,
434,O,O,142,HOH,0,
435,H1,H,142,HOH,0,
436,H2,H,142,HOH,0,
437,O,O,143,HOH,0,
438,H1,H,143,HOH,0,
439,H2,H,143,HOH,0,
440,O,O,144,HOH,0,
441,H1,H,144,HOH,0,
442,H2,H,144,HOH,0,
443,O,O,145,HOH,0,
444,H1,H,145,HOH,0,
445,H2,H,145,HOH,0,
446,O,O,146,HOH,0,
447,H1,H,146,HOH,0,
448,H2,H,146,HOH,0,
449,O,O,147,HOH,0,
450,H1,H,147,HOH,0,
451,H2,H,147,HOH,0,
452,O,O,148,HOH,0,
453,H1,H,148,HOH,0,
454,H2,H,148,HOH,0,
455,O,O,149,HOH,0,
456,H1,H,149,HOH,0,
457,H2,H,149,HOH,0,
458,O,O,150,HOH,0,
459,H1,H,150,HOH,0,
460,H2,H,150,HOH,0,
461,O,O,151,HOH,0,
462,H1,H,151,HOH,0,
463,H2,H,151,HOH,0,
464,O,O,152,HOH,0,
465,H1,H,152,HOH,0,
466,H2,H,152,HOH,0,
467,O,O,153,HOH,0,
468,H1,H,153,HOH,0,
469,H2,H,153,HOH,0,
470,O,O,154,HOH,0,
471,H1,H,154,HOH,0,
472,H2,H,154,HOH,0,
473,O,O,155,HOH,0,
474,H1,H,155,HOH,0,
475,H2,H,155,HOH,0,
476,O,O,156,HOH,0,
477,H1,H,156,HOH,0,
478,H2,H,156,HOH,0,
479,O,O,157,HOH,0,
480,H1,H,157,HOH,0,
481,H2,H,157,HOH,0,
482,O,O,158,HOH,0,
483,H1,H,158,HOH,0,
484,H2,H,158,HOH,0,
485,O,O,159,HOH,0,
486,H1,H,159,HOH,0,
487,H2,H,159,HOH,0,
488,O,O,160,HOH,0,
489,H1,H,160,HOH,0,
490,H2,H,160,HOH,0,
491,O,O,161,HOH,0,
492,H1,H,161,HOH,0,
493,H2,H,161,HOH,0,
494,O,O,162,HOH,0,
495,H1,H,162,HOH,0,
496,H2,H,162,HOH,0,
497,O,O,163,HOH,0,
498,H1,H,163,HOH,0,
499,H2,H,163,HOH,0,
500,O,O,164,HOH,0,
501,H1,H,164,HOH,0,
502,H2,H,164,HOH,0,
503,O,O,165,HOH,0,
504,H1,H,165,HOH,0,
505,H2,H,165,HOH,0,
506,O,O,166,HOH,0,
507,H1,H,166,HOH,0,
508,H2,H,166,HOH,0,
509,O,O,167,HOH,0,
510,H1,H,167,HOH,0,
511,H2,H,167,HOH,0,
512,O,O,168,HOH,0,
513,H1,H,168,HOH,0,
514,H2,H,168,HOH,0,
515,O,O,169,HOH,0,
516,H1,H,169,HOH,0,
517,H2,H,169,HOH,0,
518,O,O,170,HOH,0,
519,H1,H,170,HOH,0,
520,H2,H,170,HOH,0,
521,O,O,171,HOH,0,
522,H1,H,171,HOH,0,
523,H2,H,171,HOH,0,
524,O,O,172,HOH,0,
525,H1,H,172,HOH,0,
526,H2,H,172,HOH,0,
527,O,O,173,HOH,0,
528,H1,H,173,HOH,0,
529,H2,H,173,HOH,0,
530,O,O,174,HOH,0,
531,H1,H,174,HOH,0,
532,H2,H,174,HOH,0,
533,O,O,175,HOH,0,
534,H1,H,175,HOH,0,
535,H2,H,175,HOH,0,
536,O,O,176,HOH,0,
537,H1,H,176,HOH,0,
538,H2,H,176,HOH,0,
539,O,O,177,HOH,0,
540,H1,H,177,HOH,0,
541,H2,H,177,HOH,0,
542,O,O,178,HOH,0,
543,H1,H,178,HOH,0,
544,H2,H,178,HOH,0,
545,O,O,179,HOH,0,
546,H1,H,179,HOH,0,
547,H2,H,179,HOH,0,
548,O,O,180,HOH,0,
549,H1,H,180,HOH,0,
550,H2,H,180,HOH,0,
551,O,O,181,HOH,0,
552,H1,H,181,HOH,0,
553,H2,H,181,HOH,0,
554,O,O,182,HOH,0,
555,H1,H,182,HOH,0,
556,H2,H,182,HOH,0,
557,O,O,183,HOH,0,
558,H1,H,183,HOH,0,
559,H2,H,183,HOH,0,
560,O,O,184,HOH,0,
561,H1,H,184,HOH,0,
562,H2,H,184,HOH,0,
563,O,O,185,HOH,0,
564,H1,H,185,HOH,0,
565,H2,H,185,HOH,0,
566,O,O,186,HOH,0,
567,H1,H,186,HOH,0,
568,H2,H,186,HOH,0,
569,O,O,187,HOH,0,
570,H1,H,187,HOH,0,
571,H2,H,187,HOH,0,
572,O,O,188,HOH,0,
573,H1,H,188,HOH,0,
574,H2,H,188,HOH,0,
575,O,O,189,HOH,0,
576,H1,H,189,HOH,0,
577,H2,H,189,HOH,0,
578,O,O,190,HOH,0,
579,H1,H,190,HOH,0,
580,H2,H,190,HOH,0,
581,O,O,191,HOH,0,
582,H1,H,191,HOH,0,
583,H2,H,191,HOH,0,
584,O,O,192,HOH,0,
585,H1,H,192,HOH,0,
586,H2,H,192,HOH,0,
587,O,O,193,HOH,0,
588,H1,H,193,HOH,0,
589,H2,H,193,HOH,0,
590,O,O,194,HOH,0,
591,H1,H,194,HOH,0,
592,H2,H,194,HOH,0,
593,O,O,195,HOH,0,
594,H1,H,195,HOH,0,
595,H2,H,195,HOH,0,
596,O,O,196,HOH,0,
597,H1,H,196,HOH,0,
598,H2,H,196,HOH,0,
599,O,O,197,HOH,0,
600,H1,H,197,HOH,0,
601,H2,H,197,HOH,0,
602,O,O,198,HOH,0,
603,H1,H,198,HOH,0,
604,H2,H,198,HOH,0,
605,O,O,199,HOH,0,
606,H1,H,199,HOH,0,
607,H2,H,199,HOH,0,
608,O,O,200,HOH,0,
609,H1,H,200,HOH,0,
610,H2,H,200,HOH,0,
611,O,O,201,HOH,0,
612,H1,H,201,HOH,0,
613,H2,H,201,HOH,0,
614,O,O,202,HOH,0,
615,H1,H,202,HOH,0,
616,H2,H,202,HOH,0,
617,O,O,203,HOH,0,
618,H1,H,203,HOH,0,
619,H2,H,203,HOH,0,
620,O,O,204,HOH,0,
621,H1,H,204,HOH,0,
622,H2,H,204,HOH,0,
623,O,O,205,HOH,0,
624,H1,H,205,HOH,0,
625,H2,H,205,HOH,0,
626,O,O,206,HOH,0,
627,H1,H,206,HOH,0,
628,H2,H,206,HOH,0,
629,O,O,207,HOH,0,
630,H1,H,207,HOH,0,
631,H2,H,207,HOH,0,
632,O,O,208,HOH,0,
633,H1,H,208,HOH,0,
634,H2,H,208,HOH,0,
635,O,O,209,HOH,0,
636,H1,H,209,HOH,0,
637,H2,H,209,HOH,0,
638,O,O,210,HOH,0,
639,H1,H,210,HOH,0,
640,H2,H,210,HOH,0,
641,O,O,211,HOH,0,
642,H1,H,211,HOH,0,
643,H2,H,211,HOH,0,
644,O,O,212,HOH,0,
645,H1,H,212,HOH,0,
646,H2,H,212,HOH,0,
647,O,O,213,HOH,0,
648,H1,H,213,HOH,0,
649,H2,H,213,HOH,0,
650,O,O,214,HOH,0,
651,H1,H,214,HOH,0,
652,H2,H,214,HOH,0,
653,O,O,215,HOH,0,
654,H1,H,215,HOH,0,
655,H2,H,215,HOH,0,
656,O,O,216,HOH,0,
657,H1,H,216,HOH,0,
658,H2,H,216,HOH,0,
659,O,O,217,HOH,0,
660,H1,H,217,HOH,0,
661,H2,H,217,HOH,0,
662,O,O,218,HOH,0,
663,H1,H,218,HOH,0,
664,H2,H,218,HOH,0,
665,O,O,219,HOH,0,
666,H1,H,219,HOH,0,
667,H2,H,219,HOH,0,
668,O,O,220,HOH,0,
669,H1,H,220,HOH,0,
670,H2,H,220,HOH,0,
671,O,O,221,HOH,0,
672,H1,H,221,HOH,0,
673,H2,H,221,HOH,0,
674,O,O,222,HOH,0,
675,H1,H,222,HOH,0,
676,H2,H,222,HOH,0,
677,O,O,223,HOH,0,
678,H1,H,223,HOH,0,
679,H2,H,223,HOH,0,
680,O,O,224,HOH,0,
681,H1,H,224,HOH,0,
682,H2,H,224,HOH,0,
683,O,O,225,HOH,0,
684,H1,H,225,HOH,0,
685,H2,H,225,HOH,0,
686,O,O,226,HOH,0,
687,H1,H,226,HOH,0,
688,H2,H,226,HOH,0,
689,O,O,227,HOH,0,
690,H1,H,227,HOH,0,
691,H2,H,227,HOH,0,
692,O,O,228,HOH,0,
693,H1,H,228,HOH,0,
694,H2,H,228,HOH,0,
695,O,O,229,HOH,0,
696,H1,H,229,HOH,0,
697,H2,H,229,HOH,0,
698,O,O,230,HOH,0,
699,H1,H,230,HOH,0,
700,H2,H,230,HOH,0,
701,O,O,231,HOH,0,
702,H1,H,231,HOH,0,
703,H2,H,231,HOH,0,
704,O,O,232,HOH,0,
705,H1,H,232,HOH,0,
706,H2,H,232,HOH,0,
707,O,O,233,HOH,0,
708,H1,H,233,HOH,0,
709,H2,H,233,HOH,0,
710,O,O,234,HOH,0,
711,H1,H,234,HOH,0,
712,H2,H,234,HOH,0,
713,O,O,235,HOH,0,
714,H1,H,235,HOH,0,
715,H2,H,235,HOH,0,
716,O,O,236,HOH,0,
717,H1,H,236,HOH,0,
718,H2,H,236,HOH,0,
719,O,O,237,HOH,0,
720,H1,H,237,HOH,0,
721,H2,H,237,HOH,0,
722,O,O,238,HOH,0,
723,H1,H,238,HOH,0,
724,H2,H,238,HOH,0,
725,O,O,239,HOH,0,
726,H1,H,239,HOH,0,
727,H2,H,239,HOH,0,
728,O,O,240,HOH,0,
729,H1,H,240,HOH,0,
730,H2,H,240,HOH,0,
731,O,O,241,HOH,0,
732,H1,H,241,HOH,0,
733,H2,H,241,HOH,0,
734,O,O,242,HOH,0,
735,H1,H,242,HOH,0,
736,H2,H,242,HOH,0,
737,O,O,243,HOH,0,
738,H1,H,243,HOH,0,
739,H2,H,243,HOH,0,
740,O,O,244,HOH,0,
741,H1,H,244,HOH,0,
742,H2,H,244,HOH,0,
743,O,O,245,HOH,0,
744,H1,H,245,HOH,0,
745,H2,H,245,HOH,0,
746,O,O,246,HOH,0,
747,H1,H,246,HOH,0,
748,H2,H,246,HOH,0,
749,O,O,247,HOH,0,
750,H1,H,247,HOH,0,
751,H2,H,247,HOH,0,
752,O,O,248,HOH,0,
753,H1,H,248,HOH,0,
754,H2,H,248,HOH,0,
755,O,O,249,HOH,0,
756,H1,H,249,HOH,0,
757,H2,H,249,HOH,0,
758,O,O,250,HOH,0,
759,H1,H,250,HOH,0,
760,H2,H,250,HOH,0,
761,O,O,251,HOH,0,
762,H1,H,251,HOH,0,
763,H2,H,251,HOH,0,
764,O,O,252,HOH,0,
765,H1,H,252,HOH,0,
766,H2,H,252,HOH,0,
767,O,O,253,HOH,0,
768,H1,H,253,HOH,0,
769,H2,H,253,HOH,0,
770,O,O,254,HOH,0,
771,H1,H,254,HOH,0,
772,H2,H,254,HOH,0,
773,O,O,255,HOH,0,
774,H1,H,255,HOH,0,
775,H2,H,255,HOH,0,
776,O,O,256,HOH,0,
777,H1,H,256,HOH,0,
778,H2,H,256,HOH,0,
779,O,O,257,HOH,0,
780,H1,H,257,HOH,0,
781,H2,H,257,HOH,0,
782,O,O,258,HOH,0,
783,H1,H,258,HOH,0,
784,H2,H,258,HOH,0,
785,O,O,259,HOH,0,
786,H1,H,259,HOH,0,
787,H2,H,259,HOH,0,
788,O,O,260,HOH,0,
789,H1,H,260,HOH,0,
790,H2,H,260,HOH,0,
791,O,O,261,HOH,0,
792,H1,H,261,HOH,0,
793,H2,H,261,HOH,0,
794,O,O,262,HOH,0,
795,H1,H,262,HOH,0,
796,H2,H,262,HOH,0,
797,O,O,263,HOH,0,
798,H1,H,263,HOH,0,
799,H2,H,263,HOH,0,
800,O,O,264,HOH,0,
801,H1,H,264,HOH,0,
802,H2,H,264,HOH,0,
803,O,O,265,HOH,0,
804,H1,H,265,HOH,0,
805,H2,H,265,HOH,0,
806,O,O,266,HOH,0,
807,H1,H,266,HOH,0,
808,H2,H,266,HOH,0,
809,O,O,267,HOH,0,
810,H1,H,267,HOH,0,
811,H2,H,267,HOH,0,
812,O,O,268,HOH,0,
813,H1,H,268,HOH,0,
814,H2,H,268,HOH,0,
815,O,O,269,HOH,0,
816,H1,H,269,HOH,0,
817,H2,H,269,HOH,0,
818,O,O,270,HOH,0,
819,H1,H,270,HOH,0,
820,H2,H,270,HOH,0,
821,O,O,271,HOH,0,
822,H1,H,271,HOH,0,
823,H2,H,271,HOH,0,
824,O,O,272,HOH,0,
825,H1,H,272,HOH,0,
826,H2,H,272,HOH,0,
827,O,O,273,HOH,0,
828,H1,H,273,HOH,0,
829,H2,H,273,HOH,0,
830,O,O,274,HOH,0,
831,H1,H,274,HOH,0,
832,H2,H,274,HOH,0,
833,O,O,275,HOH,0,
834,H1,H,275,HOH,0,
835,H2,H,275,HOH,0,
836,O,O,276,HOH,0,
837,H1,H,276,HOH,0,
838,H2,H,276,HOH,0,
839,O,O,277,HOH,0,
840,H1,H,277,HOH,0,
841,H2,H,277,HOH,0,
842,O,O,278,HOH,0,
843,H1,H,278,HOH,0,
844,H2,H,278,HOH,0,
845,O,O,279,HOH,0,
846,H1,H,279,HOH,0,
847,H2,H,279,HOH,0,
848,O,O,280,HOH,0,
849,H1,H,280,HOH,0,
850,H2,H,280,HOH,0,
851,O,O,281,HOH,0,
852,H1,H,281,HOH,0,
853,H2,H,281,HOH,0,
854,O,O,282,HOH,0,
855,H1,H,282,HOH,0,
856,H2,H,282,HOH,0,
857,O,O,283,HOH,0,
858,H1,H,283,HOH,0,
859,H2,H,283,HOH,0,
860,O,O,284,HOH,0,
861,H1,H,284,HOH,0,
862,H2,H,284,HOH,0,
863,O,O,285,HOH,0,
864,H1,H,285,HOH,0,
865,H2,H,285,HOH,0,
866,O,O,286,HOH,0,
867,H1,H,286,HOH,0,
868,H2,H,286,HOH,0,
869,O,O,287,HOH,0,
870,H1,H,287,HOH,0,
871,H2,H,287,HOH,0,
872,O,O,288,HOH,0,
873,H1,H,288,HOH,0,
874,H2,H,288,HOH,0,
875,O,O,289,HOH,0,
876,H1,H,289,HOH,0,
877,H2,H,289,HOH,0,
878,O,O,290,HOH,0,
879,H1,H,290,HOH,0,
880,H2,H,290,HOH,0,
881,O,O,291,HOH,0,
882,H1,H,291,HOH,0,
883,H2,H,291,HOH,0,
884,O,O,292,HOH,0,
885,H1,H,292,HOH,0,
886,H2,H,292,HOH,0,
887,O,O,293,HOH,0,
888,H1,H,293,HOH,0,
889,H2,H,293,HOH,0,
890,O,O,294,HOH,0,
891,H1,H,294,HOH,0,
892,H2,H,294,HOH,0,
893,O,O,295,HOH,0,
894,H1,H,295,HOH,0,
895,H2,H,295,HOH,0,
896,O,O,296,HOH,0,
897,H1,H,296,HOH,0,
898,H2,H,296,HOH,0,
899,O,O,297,HOH,0,
900,H1,H,297,HOH,0,
901,H2,H,297,HOH,0,
902,O,O,298,HOH,0,
903,H1,H,298,HOH,0,
904,H2,H,298,HOH,0,
905,O,O,299,HOH,0,
906,H1,H,299,HOH,0,
907,H2,H,299,HOH,0,
908,O,O,300,HOH,0,
909,H1,H,300,HOH,0,
910,H2,H,300,HOH,0,
911,O,O,301,HOH,0,
912,H1,H,301,HOH,0,
913,H2,H,301,HOH,0,
914,O,O,302,HOH,0,
915,H1,H,302,HOH,0,
916,H2,H,302,HOH,0,
917,O,O,303,HOH,0,
918,H1,H,303,HOH,0,
919,H2,H,303,HOH,0,
920,O,O,304,HOH,0,
921,H1,H,304,HOH,0,
922,H2,H,304,HOH,0,
923,O,O,305,HOH,0,
924,H1,H,305,HOH,0,
925,H2,H,305,HOH,0,
926,O,O,306,HOH,0,
927,H1,H,306,HOH,0,
928,H2,H,306,HOH,0,
929,O,O,307,HOH,0,
930,H1,H,307,HOH,0,
931,H2,H,307,HOH,0,
932,O,O,308,HOH,0,
933,H1,H,308,HOH,0,
934,H2,H,308,HOH,0,
935,O,O,309,HOH,0,
936,H1,H,309,HOH,0,
937,H2,H,309,HOH,0,
938,O,O,310,HOH,0,
939,H1,H,310,HOH,0,
940,H2,H,310,HOH,0,
941,O,O,311,HOH,0,
942,H1,H,311,HOH,0,
943,H2,H,311,HOH,0,
944,O,O,312,HOH,0,
945,H1,H,312,HOH,0,
946,H2,H,312,HOH,0,
947,O,O,313,HOH,0,
948,H1,H,313,HOH,0,
949,H2,H,313,HOH,0,
950,O,O,314,HOH,0,
951,H1,H,314,HOH,0,
952,H2,H,314,HOH,0,
953,O,O,315,HOH,0,
954,H1,H,315,HOH,0,
955,H2,H,315,HOH,0,
956,O,O,316,HOH,0,
957,H1,H,316,HOH,0,
958,H2,H,316,HOH,0,
959,O,O,317,HOH,0,
960,H1,H,317,HOH,0,
961,H2,H,317,HOH,0,
962,O,O,318,HOH,0,
963,H1,H,318,HOH,0,
964,H2,H,318,HOH,0,
965,O,O,319,HOH,0,
966,H1,H,319,HOH,0,
967,H2,H,319,HOH,0,
968,O,O,320,HOH,0,
969,H1,H,320,HOH,0,
970,H2,H,320,HOH,0,
971,O,O,321,HOH,0,
972,H1,H,321,HOH,0,
973,H2,H,321,HOH,0,
974,O,O,322,HOH,0,
975,H1,H,322,HOH,0,
976,H2,H,322,HOH,0,
977,O,O,323,HOH,0,
978,H1,H,323,HOH,0,
979,H2,H,323,HOH,0,
980,O,O,324,HOH,0,
981,H1,H,324,HOH,0,
982,H2,H,324,HOH,0,
983,O,O,325,HOH,0,
984,H1,H,325,HOH,0,
985,H2,H,325,HOH,0,
986,O,O,326,HOH,0,
987,H1,H,326,HOH,0,
988,H2,H,326,HOH,0,
989,O,O,327,HOH,0,
990,H1,H,327,HOH,0,
991,H2,H,327,HOH,0,
992,O,O,328,HOH,0,
993,H1,H,328,HOH,0,
994,H2,H,328,HOH,0,
995,O,O,329,HOH,0,
996,H1,H,329,HOH,0,
997,H2,H,329,HOH,0,
998,O,O,330,HOH,0,
999,H1,H,330,HOH,0,
1000,H2,H,330,HOH,0,
1001,O,O,331,HOH,0,
1002,H1,H,331,HOH,0,
1003,H2,H,331,HOH,0,
1004,O,O,332,HOH,0,
1005,H1,H,332,HOH,0,
1006,H2,H,332,HOH,0,
1007,O,O,333,HOH,0,
1008,H1,H,333,HOH,0,
1009,H2,H,333,HOH,0,
1010,O,O,334,HOH,0,
1011,H1,H,334,HOH,0,
1012,H2,H,334,HOH,0,
1013,O,O,335,HOH,0,
1014,H1,H,335,HOH,0,
1015,H2,H,335,HOH,0,
1016,O,O,336,HOH,0,
1017,H1,H,336,HOH,0,
1018,H2,H,336,HOH,0,
1019,O,O,337,HOH,0,
1020,H1,H,337,HOH,0,
1021,H2,H,337,HOH,0,
1022,O,O,338,HOH,0,
1023,H1,H,338,HOH,0,
1024,H2,H,338,HOH,0,
1025,O,O,339,HOH,0,
1026,H1,H,339,HOH,0,
1027,H2,H,339,HOH,0,
1028,O,O,340,HOH,0,
1029,H1,H,340,HOH,0,
1030,H2,H,340,HOH,0,
1031,O,O,341,HOH,0,
1032,H1,H,341,HOH,0,
1033,H2,H,341,HOH,0,
1034,O,O,342,HOH,0,
1035,H1,H,342,HOH,0,
1036,H2,H,342,HOH,0,
1037,O,O,343,HOH,0,
1038,H1,H,343,HOH,0,
1039,H2,H,343,HOH,0,
1040,O,O,344,HOH,0,
1041,H1,H,344,HOH,0,
1042,H2,H,344,HOH,0,
1043,O,O,345,HOH,0,
1044,H1,H,345,HOH,0,
1045,H2,H,345,HOH,0,
1046,O,O,346,HOH,0,
1047,H1,H,346,HOH,0,
1048,H2,H,346,HOH,0,
1049,O,O,347,HOH,0,
1050,H1,H,347,HOH,0,
1051,H2,H,347,HOH,0,
1052,O,O,348,HOH,0,
1053,H1,H,348,HOH,0,
1054,H2,H,348,HOH,0,
1055,O,O,349,HOH,0,
1056,H1,H,349,HOH,0,
1057,H2,H,349,HOH,0,
1058,O,O,350,HOH,0,
1059,H1,H,350,HOH,0,
1060,H2,H,350,HOH,0,
1061,O,O,351,HOH,0,
1062,H1,H,351,HOH,0,
1063,H2,H,351,HOH,0,
1064,O,O,352,HOH,0,
1065,H1,H,352,HOH,0,
1066,H2,H,352,HOH,0,
1067,O,O,353,HOH,0,
1068,H1,H,353,HOH,0,
1069,H2,H,353,HOH,0,
1070,O,O,354,HOH,0,
1071,H1,H,354,HOH,0,
1072,H2,H,354,HOH,0,
1073,O,O,355,HOH,0,
1074,H1,H,355,HOH,0,
1075,H2,H,355,HOH,0,
1076,O,O,356,HOH,0,
1077,H1,H,356,HOH,0,
1078,H2,H,356,HOH,0,
1079,O,O,357,HOH,0,
1080,H1,H,357,HOH,0,
1081,H2,H,357,HOH,0,
1082,O,O,358,HOH,0,
1083,H1,H,358,HOH,0,
1084,H2,H,358,HOH,0,
1085,O,O,359,HOH,0,
1086,H1,H,359,HOH,0,
1087,H2,H,359,HOH,0,
1088,O,O,360,HOH,0,
1089,H1,H,360,HOH,0,
1090,H2,H,360,HOH,0,
1091,O,O,361,HOH,0,
1092,H1,H,361,HOH,0,
1093,H2,H,361,HOH,0,
1094,O,O,362,HOH,0,
1095,H1,H,362,HOH,0,
1096,H2,H,362,HOH,0,
1097,O,O,363,HOH,0,
1098,H1,H,363,HOH,0,
1099,H2,H,363,HOH,0,
1100,O,O,364,HOH,0,
1101,H1,H,364,HOH,0,
1102,H2,H,364,HOH,0,
1103,O,O,365,HOH,0,
1104,H1,H,365,HOH,0,
1105,H2,H,365,HOH,0,
1106,O,O,366,HOH,0,
1107,H1,H,366,HOH,0,
1108,H2,H,366,HOH,0,
1109,O,O,367,HOH,0,
1110,H1,H,367,HOH,0,
1111,H2,H,367,HOH,0,
1112,O,O,368,HOH,0,
1113,H1,H,368,HOH,0,
1114,H2,H,368,HOH,0,
1115,O,O,369,HOH,0,
1116,H1,H,369,HOH,0,
1117,H2,H,369,HOH,0,
1118,O,O,370,HOH,0,
1119,H1,H,370,HOH,0,
1120,H2,H,370,HOH,0,
1121,O,O,371,HOH,0,
1122,H1,H,371,HOH,0,
1123,H2,H,371,HOH,0,
1124,O,O,372,HOH,0,
1125,H1,H,372,HOH,0,
1126,H2,H,372,HOH,0,
1127,O,O,373,HOH,0,
1128,H1,H,373,HOH,0,
1129,H2,H,373,HOH,0,
1130,O,O,374,HOH,0,
1131,H1,H,374,HOH,0,
1132,H2,H,374,HOH,0,
1133,O,O,375,HOH,0,
1134,H1,H,375,HOH,0,
1135,H2,H,375,HOH,0,
1136,O,O,376,HOH,0,
1137,H1,H,376,HOH,0,
1138,H2,H,376,HOH,0,
1139,O,O,377,HOH,0,
1140,H1,H,377,HOH,0,
1141,H2,H,377,HOH,0,
1142,O,O,378,HOH,0,
1143,H1,H,378,HOH,0,
1144,H2,H,378,HOH,0,
1145,O,O,379,HOH,0,
1146,H1,H,379,HOH,0,
1147,H2,H,379,HOH,0,
1148,O,O,380,HOH,0,
1149,H1,H,380,HOH,0,
1150,H2,H,380,HOH,0,
1151,O,O,381,HOH,0,
1152,H1,H,381,HOH,0,
1153,H2,H,381,HOH,0,
1154,O,O,382,HOH,0,
1155,H1,H,382,HOH,0,
1156,H2,H,382,HOH,0,
1157,O,O,383,HOH,0,
1158,H1,H,383,HOH,0,
1159,H2,H,383,HOH,0,
1160,O,O,384,HOH,0,
1161,H1,H,384,HOH,0,
1162,H2,H,384,HOH,0,
1163,O,O,385,HOH,0,
1164,H1,H,385,HOH,0,
1165,H2,H,385,HOH,0,
1166,O,O,386,HOH,0,
1167,H1,H,386,HOH,0,
1168,H2,H,386,HOH,0,
1169,O,O,387,HOH,0,
1170,H1,H,387,HOH,0,
1171,H2,H,387,HOH,0,
1172,O,O,388,HOH,0,
1173,H1,H,388,HOH,0,
1174,H2,H,388,HOH,0,
1175,O,O,389,HOH,0,
1176,H1,H,389,HOH,0,
1177,H2,H,389,HOH,0,
1178,O,O,390,HOH,0,
1179,H1,H,390,HOH,0,
1180,H2,H,390,HOH,0,
1181,O,O,391,HOH,0,
1182,H1,H,391,HOH,0,
1183,H2,H,391,HOH,0,
1184,O,O,392,HOH,0,
1185,H1,H,392,HOH,0,
1186,H2,H,392,HOH,0,
1187,O,O,393,HOH,0,
1188,H1,H,393,HOH,0,
1189,H2,H,393,HOH,0,
1190,O,O,394,HOH,0,
1191,H1,H,394,HOH,0,
1192,H2,H,394,HOH,0,
1193,O,O,395,HOH,0,
1194,H1,H,395,HOH,0,
1195,H2,H,395,HOH,0,
1196,O,O,396,HOH,0,
1197,H1,H,396,HOH,0,
1198,H2,H,396,HOH,0,
1199,O,O,397,HOH,0,
1200,H1,H,397,HOH,0,
1201,H2,H,397,HOH,0,
1202,O,O,398,HOH,0,
1203,H1,H,398,HOH,0,
1204,H2,H,398,HOH,0,
1205,O,O,399,HOH,0,
1206,H1,H,399,HOH,0,
1207,H2,H,399,HOH,0,
1208,O,O,400,HOH,0,
1209,H1,H,400,HOH,0,
1210,H2,H,400,HOH,0,
1211,O,O,401,HOH,0,
1212,H1,H,401,HOH,0,
1213,H2,H,401,HOH,0,
1214,O,O,402,HOH,0,
1215,H1,H,402,HOH,0,
1216,H2,H,402,HOH,0,
1217,O,O,403,HOH,0,
1218,H1,H,403,HOH,0,
1219,H2,H,403,HOH,0,
1220,O,O,404,HOH,0,
1221,H1,H,404,HOH,0,
1222,H2,H,404,HOH,0,
1223,O,O,405,HOH,0,
1224,H1,H,405,HOH,0,
1225,H2,H,405,HOH,0,
1226,O,O,406,HOH,0,
1227,H1,H,406,HOH,0,
1228,H2,H,406,HOH,0,
1229,O,O,407,HOH,0,
1230,H1,H,407,HOH,0,
1231,H2,H,407,HOH,0,
1232,O,O,408,HOH,0,
1233,H1,H,408,HOH,0,
1234,H2,H,408,HOH,0,
1235,O,O,409,HOH,0,
1236,H1,H,409,HOH,0,
1237,H2,H,409,HOH,0,
1238,O,O,410,HOH,0,
1239,H1,H,410,HOH,0,
1240,H2,H,410,HOH,0,
1241,O,O,411,HOH,0,
1242,H1,H,411,HOH,0,
1243,H2,H,411,HOH,0,
1244,O,O,412,HOH,0,
1245,H1,H,412,HOH,0,
1246,H2,H,412,HOH,0,
1247,O,O,413,HOH,0,
1248,H1,H,413,HOH,0,
1249,H2,H,413,HOH,0,
1250,O,O,414,HOH,0,
1251,H1,H,414,HOH,0,
1252,H2,H,414,HOH,0,
1253,O,O,415,HOH,0,
1254,H1,H,415,HOH,0,
1255,H2,H,415,HOH,0,
1256,O,O,416,HOH,0,
1257,H1,H,416,HOH,0,
1258,H2,H,416,HOH,0,
1259,O,O,417,HOH,0,
1260,H1,H,417,HOH,0,
1261,H2,H,417,HOH,0,
1262,O,O,418,HOH,0,
1263,H1,H,418,HOH,0,
1264,H2,H,418,HOH,0,
1265,O,O,419,HOH,0,
1266,H1,H,419,HOH,0,
1267,H2,H,419,HOH,0,
1268,O,O,420,HOH,0,
1269,H1,H,420,HOH,0,
1270,H2,H,420,HOH,0,
1271,O,O,421,HOH,0,
1272,H1,H,421,HOH,0,
1273,H2,H,421,HOH,0,
1274,O,O,422,HOH,0,
1275,H1,H,422,HOH,0,
1276,H2,H,422,HOH,0,
1277,O,O,423,HOH,0,
1278,H1,H,423,HOH,0,
1279,H2,H,423,HOH,0,
1280,O,O,424,HOH,0,
1281,H1,H,424,HOH,0,
1282,H2,H,424,HOH,0,
1283,O,O,425,HOH,0,
1284,H1,H,425,HOH,0,
1285,H2,H,425,HOH,0,
1286,O,O,426,HOH,0,
1287,H1,H,426,HOH,0,
1288,H2,H,426,HOH,0,
1289,O,O,427,HOH,0,
1290,H1,H,427,HOH,0,
1291,H2,H,427,HOH,0,
1292,O,O,428,HOH,0,
1293,H1,H,428,HOH,0,
1294,H2,H,428,HOH,0,
1295,O,O,429,HOH,0,
1296,H1,H,429,HOH,0,
1297,H2,H,429,HOH,0,
1298,O,O,430,HOH,0,
1299,H1,H,430,HOH,0,
1300,H2,H,430,HOH,0,
1301,O,O,431,HOH,0,
1302,H1,H,431,HOH,0,
1303,H2,H,431,HOH,0,
1304,O,O,432,HOH,0,
1305,H1,H,432,HOH,0,
1306,H2,H,432,HOH,0,
1307,O,O,433,HOH,0,
1308,H1,H,433,HOH,0,
1309,H2,H,433,HOH,0,
1310,O,O,434,HOH,0,
1311,H1,H,434,HOH,0,
1312,H2,H,434,HOH,0,
1313,O,O,435,HOH,0,
1314,H1,H,435,HOH,0,
1315,H2,H,435,HOH,0,
1316,O,O,436,HOH,0,
1317,H1,H,436,HOH,0,
1318,H2,H,436,HOH,0,
1319,O,O,437,HOH,0,
1320,H1,H,437,HOH,0,
1321,H2,H,437,HOH,0,
1322,O,O,438,HOH,0,
1323,H1,H,438,HOH,0,
1324,H2,H,438,HOH,0,
1325,O,O,439,HOH,0,
1326,H1,H,439,HOH,0,
1327,H2,H,439,HOH,0,
1328,O,O,440,HOH,0,
1329,H1,H,440,HOH,0,
1330,H2,H,440,HOH,0,
1331,O,O,441,HOH,0,
1332,H1,H,441,HOH,0,
1333,H2,H,441,HOH,0,
1334,O,O,442,HOH,0,
1335,H1,H,442,HOH,0,
1336,H2,H,442,HOH,0,
1337,O,O,443,HOH,0,
1338,H1,H,443,HOH,0,
1339,H2,H,443,HOH,0,
1340,O,O,444,HOH,0,
1341,H1,H,444,HOH,0,
1342,H2,H,444,HOH,0,
1343,O,O,445,HOH,0,
1344,H1,H,445,HOH,0,
1345,H2,H,445,HOH,0,
1346,O,O,446,HOH,0,
1347,H1,H,446,HOH,0,
1348,H2,H,446,HOH,0,
1349,O,O,447,HOH,0,
1350,H1,H,447,HOH,0,
1351,H2,H,447,HOH,0,
1352,O,O,448,HOH,0,
1353,H1,H,448,HOH,0,
1354,H2,H,448,HOH,0,
1355,O,O,449,HOH,0,
1356,H1,H,449,HOH,0,
1357,H2,H,449,HOH,0,
1358,O,O,450,HOH,0,
1359,H1,H,450,HOH,0,
1360,H2,H,450,HOH,0,
1361,O,O,451,HOH,0,
1362,H1,H,451,HOH,0,
1363,H2,H,451,HOH,0,
1364,O,O,452,HOH,0,
1365,H1,H,452,HOH,0,
1366,H2,H,452,HOH,0,
1367,O,O,453,HOH,0,
1368,H1,H,453,HOH,0,
1369,H2,H,453,HOH,0,
1370,O,O,454,HOH,0,
1371,H1,H,454,HOH,0,
1372,H2,H,454,HOH,0,
1373,O,O,455,HOH,0,
1374,H1,H,455,HOH,0,
1375,H2,H,455,HOH,0,
1376,O,O,456,HOH,0,
1377,H1,H,456,HOH,0,
1378,H2,H,456,HOH,0,
1379,O,O,457,HOH,0,
1380,H1,H,457,HOH,0,
1381,H2,H,457,HOH,0,
1382,O,O,458,HOH,0,
1383,H1,H,458,HOH,0,
1384,H2,H,458,HOH,0,
1385,O,O,459,HOH,0,
1386,H1,H,459,HOH,0,
1387,H2,H,459,HOH,0,
1388,O,O,460,HOH,0,
1389,H1,H,460,HOH,0,
1390,H2,H,460,HOH,0,
1391,O,O,461,HOH,0,
1392,H1,H,461,HOH,0,
1393,H2,H,461,HOH,0,
1394,O,O,462,HOH,0,
1395,H1,H,462,HOH,0,
1396,H2,H,462,HOH,0,
1397,O,O,463,HOH,0,
1398,H1,H,463,HOH,0,
1399,H2,H,463,HOH,0,
1400,O,O,464,HOH,0,
1401,H1,H,464,HOH,0,
1402,H2,H,464,HOH,0,
1403,O,O,465,HOH,0,
1404,H1,H,465,HOH,0,
1405,H2,H,465,HOH,0,
1406,O,O,466,HOH,0,
1407,H1,H,466,HOH,0,
1408,H2,H,466,HOH,0,
1409,O,O,467,HOH,0,
1410,H1,H,467,HOH,0,
1411,H2,H,467,HOH,0,
1412,O,O,468,HOH,0,
1413,H1,H,468,HOH,0,
1414,H2,H,468,HOH,0,
1415,O,O,469,HOH,0,
1416,H1,H,469,HOH,0,
1417,H2,H,469,HOH,0,
1418,O,O,470,HOH,0,
1419,H1,H,470,HOH,0,
1420,H2,H,470,HOH,0,
1421,O,O,471,HOH,0,
1422,H1,H,471,HOH,0,
1423,H2,H,471,HOH,0,
1424,O,O,472,HOH,0,
1425,H1,H,472,HOH,0,
1426,H2,H,472,HOH,0,
1427,O,O,473,HOH,0,
1428,H1,H,473,HOH,0,
1429,H2,H,473,HOH,0,
1430,O,O,474,HOH,0,
1431,H1,H,474,HOH,0,
1432,H2,H,474,HOH,0,
1433,O,O,475,HOH,0,
1434,H1,H,475,HOH,0,
1435,H2,H,475,HOH,0,
1436,O,O,476,HOH,0,
1437,H1,H,476,HOH,0,
1438,H2,H,476,HOH,0,
1439,O,O,477,HOH,0,
1440,H1,H,477,HOH,0,
1441,H2,H,477,HOH,0,
1442,O,O,478,HOH,0,
1443,H1,H,478,HOH,0,
1444,H2,H,478,HOH,0,
1445,O,O,479,HOH,0,
1446,H1,H,479,HOH,0,
1447,H2,H,479,HOH,0,
1448,O,O,480,HOH,0,
1449,H1,H,480,HOH,0,
1450,H2,H,480,HOH,0,
1451,O,O,481,HOH,0,
1452,H1,H,481,HOH,0,
1453,H2,H,481,HOH,0,
1454,O,O,482,HOH,0,
1455,H1,H,482,HOH,0,
1456,H2,H,482,HOH,0,
1457,O,O,483,HOH,0,
1458,H1,H,483,HOH,0,
1459,H2,H,483,HOH,0,
1460,O,O,484,HOH,0,
1461,H1,H,484,HOH,0,
1462,H2,H,484,HOH,0,
1463,O,O,485,HOH,0,
1464,H1,H,485,HOH,0,
1465,H2,H,485,HOH,0,
1466,O,O,486,HOH,0,
1467,H1,H,486,HOH,0,
1468,H2,H,486,HOH,0,
1469,O,O,487,HOH,0,
1470,H1,H,487,HOH,0,
1471,H2,H,487,HOH,0,
1472,O,O,488,HOH,0,
1473,H1,H,488,HOH,0,
1474,H2,H,488,HOH,0,
1475,O,O,489,HOH,0,
1476,H1,H,489,HOH,0,
1477,H2,H,489,HOH,0,
1478,O,O,490,HOH,0,
1479,H1,H,490,HOH,0,
1480,H2,H,490,HOH,0,
1481,O,O,491,HOH,0,
1482,H1,H,491,HOH,0,
1483,H2,H,491,HOH,0,
1484,O,O,492,HOH,0,
1485,H1,H,492,HOH,0,
1486,H2,H,492,HOH,0,
1487,O,O,493,HOH,0,
1488,H1,H,493,HOH,0,
1489,H2,H,493,HOH,0,
1490,O,O,494,HOH,0,
1491,H1,H,494,HOH,0,
1492,H2,H,494,HOH,0,
1493,O,O,495,HOH,0,
1494,H1,H,495,HOH,0,
1495,H2,H,495,HOH,0,
1496,O,O,496,HOH,0,
1497,H1,H,496,HOH,0,
1498,H2,H,496,HOH,0,
1499,O,O,497,HOH,0,
1500,H1,H,497,HOH,0,
1501,H2,H,497,HOH,0,
1502,O,O,498,HOH,0,
1503,H1,H,498,HOH,0,
1504,H2,H,498,HOH,0,
1505,O,O,499,HOH,0,
1506,H1,H,499,HOH,0,
1507,H2,H,499,HOH,0,
1508,O,O,500,HOH,0,
1509,H1,H,500,HOH,0,
1510,H2,H,500,HOH,0,
1511,O,O,501,HOH,0,
1512,H1,H,501,HOH,0,
1513,H2,H,501,HOH,0,
1514,O,O,502,HOH,0,
1515,H1,H,502,HOH,0,
1516,H2,H,502,HOH,0,
1517,O,O,503,HOH,0,
1518,H1,H,503,HOH,0,
1519,H2,H,503,HOH,0,
1520,O,O,504,HOH,0,
1521,H1,H,504,HOH,0,
1522,H2,H,504,HOH,0,
1523,O,O,505,HOH,0,
1524,H1,H,505,HOH,0,
1525,H2,H,505,HOH,0,
1526,O,O,506,HOH,0,
1527,H1,H,506,HOH,0,
1528,H2,H,506,HOH,0,
1529,O,O,507,HOH,0,
1530,H1,H,507,HOH,0,
1531,H2,H,507,HOH,0,
1532,O,O,508,HOH,0,
1533,H1,H,508,HOH,0,
1534,H2,H,508,HOH,0,
1535,O,O,509,HOH,0,
1536,H1,H,509,HOH,0,
1537,H2,H,509,HOH,0,
1538,O,O,510,HOH,0,
1539,H1,H,510,HOH,0,
1540,H2,H,510,HOH,0,
1541,O,O,511,HOH,0,
1542,H1,H,511,HOH,0,
1543,H2,H,511,HOH,0,
1544,O,O,512,HOH,0,
1545,H1,H,512,HOH,0,
1546,H2,H,512,HOH,0,
1547,O,O,513,HOH,0,
1548,H1,H,513,HOH,0,
1549,H2,H,513,HOH,0,
1550,O,O,514,HOH,0,
1551,H1,H,514,HOH,0,
1552,H2,H,514,HOH,0,
1553,O,O,515,HOH,0,
1554,H1,H,515,HOH,0,
1555,H2,H,515,HOH,0,
1556,O,O,516,HOH,0,
1557,H1,H,516,HOH,0,
1558,H2,H,516,HOH,0,
1559,O,O,517,HOH,0,
1560,H1,H,517,HOH,0,
1561,H2,H,517,HOH,0,
1562,O,O,518,HOH,0,
1563,H1,H,518,HOH,0,
1564,H2,H,518,HOH,0,
1565,O,O,519,HOH,0,
1566,H1,H,519,HOH,0,
1567,H2,H,519,HOH,0,
1568,O,O,520,HOH,0,
1569,H1,H,520,HOH,0,
1570,H2,H,520,HOH,0,
1571,O,O,521,HOH,0,
1572,H1,H,521,HOH,0,
1573,H2,H,521,HOH,0,
1574,O,O,522,HOH,0,
1575,H1,H,522,HOH,0,
1576,H2,H,522,HOH,0,
1577,O,O,523,HOH,0,
1578,H1,H,523,HOH,0,
1579,H2,H,523,HOH,0,
1580,O,O,524,HOH,0,
1581,H1,H,524,HOH,0,
1582,H2,H,524,HOH,0,
1583,O,O,525,HOH,0,
1584,H1,H,525,HOH,0,
1585,H2,H,525,HOH,0,
1586,O,O,526,HOH,0,
1587,H1,H,526,HOH,0,
1588,H2,H,526,HOH,0,
1589,O,O,527,HOH,0,
1590,H1,H,527,HOH,0,
1591,H2,H,527,HOH,0,
1592,O,O,528,HOH,0,
1593,H1,H,528,HOH,0,
1594,H2,H,528,HOH,0,
1595,O,O,529,HOH,0,
1596,H1,H,529,HOH,0,
1597,H2,H,529,HOH,0,
1598,O,O,530,HOH,0,
1599,H1,H,530,HOH,0,
1600,H2,H,530,HOH,0,
1601,O,O,531,HOH,0,
1602,H1,H,531,HOH,0,
1603,H2,H,531,HOH,0,
1604,O,O,532,HOH,0,
1605,H1,H,532,HOH,0,
1606,H2,H,532,HOH,0,
1607,O,O,533,HOH,0,
1608,H1,H,533,HOH,0,
1609,H2,H,533,HOH,0,
1610,O,O,534,HOH,0,
1611,H1,H,534,HOH,0,
1612,H2,H,534,HOH,0,
1613,O,O,535,HOH,0,
1614,H1,H,535,HOH,0,
1615,H2,H,535,HOH,0,
1616,O,O,536,HOH,0,
1617,H1,H,536,HOH,0,
1618,H2,H,536,HOH,0,
1619,O,O,537,HOH,0,
1620,H1,H,537,HOH,0,
1621,H2,H,537,HOH,0,
1622,O,O,538,HOH,0,
1623,H1,H,538,HOH,0,
1624,H2,H,538,HOH,0,
1625,O,O,539,HOH,0,
1626,H1,H,539,HOH,0,
1627,H2,H,539,HOH,0,
1628,O,O,540,HOH,0,
1629,H1,H,540,HOH,0,
1630,H2,H,540,HOH,0,
1631,O,O,541,HOH,0,
1632,H1,H,541,HOH,0,
1633,H2,H,541,HOH,0,
1634,O,O,542,HOH,0,
1635,H1,H,542,HOH,0,
1636,H2,H,542,HOH,0,
1637,O,O,543,HOH,0,
1638,H1,H,543,HOH,0,
1639,H2,H,543,HOH,0,
1640,O,O,544,HOH,0,
1641,H1,H,544,HOH,0,
1642,H2,H,544,HOH,0,
1643,O,O,545,HOH,0,
1644,H1,H,545,HOH,0,
1645,H2,H,545,HOH,0,
1646,O,O,546,HOH,0,
1647,H1,H,546,HOH,0,
1648,H2,H,546,HOH,0,
1649,O,O,547,HOH,0,
1650,H1,H,547,HOH,0,
1651,H2,H,547,HOH,0,
1652,O,O,548,HOH,0,
1653,H1,H,548,HOH,0,
1654,H2,H,548,HOH,0,
1655,O,O,549,HOH,0,
1656,H1,H,549,HOH,0,
1657,H2,H,549,HOH,0,
1658,O,O,550,HOH,0,
1659,H1,H,550,HOH,0,
1660,H2,H,550,HOH,0,
1661,O,O,551,HOH,0,
1662,H1,H,551,HOH,0,
1663,H2,H,551,HOH,0,
1664,O,O,552,HOH,0,
1665,H1,H,552,HOH,0,
1666,H2,H,552,HOH,0,
1667,O,O,553,HOH,0,
1668,H1,H,553,HOH,0,
1669,H2,H,553,HOH,0,
1670,O,O,554,HOH,0,
1671,H1,H,554,HOH,0,
1672,H2,H,554,HOH,0,
1673,O,O,555,HOH,0,
1674,H1,H,555,HOH,0,
1675,H2,H,555,HOH,0,
1676,O,O,556,HOH,0,
1677,H1,H,556,HOH,0,
1678,H2,H,556,HOH,0,
1679,O,O,557,HOH,0,
1680,H1,H,557,HOH,0,
1681,H2,H,557,HOH,0,
1682,O,O,558,HOH,0,
1683,H1,H,558,HOH,0,
1684,H2,H,558,HOH,0,
1685,O,O,559,HOH,0,
1686,H1,H,559,HOH,0,
1687,H2,H,559,HOH,0,
1688,O,O,560,HOH,0,
1689,H1,H,560,HOH,0,
1690,H2,H,560,HOH,0,
1691,O,O,561,HOH,0,
1692,H1,H,561,HOH,0,
1693,H2,H,561,HOH,0,
1694,O,O,562,HOH,0,
1695,H1,H,562,HOH,0,
1696,H2,H,562,HOH,0,
1697,O,O,563,HOH,0,
1698,H1,H,563,HOH,0,
1699,H2,H,563,HOH,0,
1700,O,O,564,HOH,0,
1701,H1,H,564,HOH,0,
1702,H2,H,564,HOH,0,
1703,O,O,565,HOH,0,
1704,H1,H,565,HOH,0,
1705,H2,H,565,HOH,0,
1706,O,O,566,HOH,0,
1707,H1,H,566,HOH,0,
1708,H2,H,566,HOH,0,
1709,O,O,567,HOH,0,
1710,H1,H,567,HOH,0,
1711,H2,H,567,HOH,0,
1712,O,O,568,HOH,0,
1713,H1,H,568,HOH,0,
1714,H2,H,568,HOH,0,
1715,O,O,569,HOH,0,
1716,H1,H,569,HOH,0,
1717,H2,H,569,HOH,0,
1718,O,O,570,HOH,0,
1719,H1,H,570,HOH,0,
1720,H2,H,570,HOH,0,
1721,O,O,571,HOH,0,
1722,H1,H,571,HOH,0,
1723,H2,H,571,HOH,0,
1724,O,O,572,HOH,0,
1725,H1,H,572,HOH,0,
1726,H2,H,572,HOH,0,
1727,O,O,573,HOH,0,
1728,H1,H,573,HOH,0,
1729,H2,H,573,HOH,0,
1730,O,O,574,HOH,0,
1731,H1,H,574,HOH,0,
1732,H2,H,574,HOH,0,
1733,O,O,575,HOH,0,
1734,H1,H,575,HOH,0,
1735,H2,H,575,HOH,0,
1736,O,O,576,HOH,0,
1737,H1,H,576,HOH,0,
1738,H2,H,576,HOH,0,
1739,O,O,577,HOH,0,
1740,H1,H,577,HOH,0,
1741,H2,H,577,HOH,0,
1742,O,O,578,HOH,0,
1743,H1,H,578,HOH,0,
1744,H2,H,578,HOH,0,
1745,O,O,579,HOH,0,
1746,H1,H,579,HOH,0,
1747,H2,H,579,HOH,0,
1748,O,O,580,HOH,0,
1749,H1,H,580,HOH,0,
1750,H2,H,580,HOH,0,
1751,O,O,581,HOH,0,
1752,H1,H,581,HOH,0,
1753,H2,H,581,HOH,0,
1754,O,O,582,HOH,0,
1755,H1,H,582,HOH,0,
1756,H2,H,582,HOH,0,
1757,O,O,583,HOH,0,
1758,H1,H,583,HOH,0,
1759,H2,H,583,HOH,0,
1760,O,O,584,HOH,0,
1761,H1,H,584,HOH,0,
1762,H2,H,584,HOH,0,
1763,O,O,585,HOH,0,
1764,H1,H,585,HOH,0,
1765,H2,H,585,HOH,0,
1766,O,O,586,HOH,0,
1767,H1,H,586,HOH,0,
1768,H2,H,586,HOH,0,
1769,O,O,587,HOH,0,
1770,H1,H,587,HOH,0,
1771,H2,H,587,HOH,0,
1772,O,O,588,HOH,0,
1773,H1,H,588,HOH,0,
1774,H2,H,588,HOH,0,
1775,O,O,589,HOH,0,
1776,H1,H,589,HOH,0,
1777,H2,H,589,HOH,0,
1778,O,O,590,HOH,0,
1779,H1,H,590,HOH,0,
1780,H2,H,590,HOH,0,
1781,O,O,591,HOH,0,
1782,H1,H,591,HOH,0,
1783,H2,H,591,HOH,0,
1784,O,O,592,HOH,0,
1785,H1,H,592,HOH,0,
1786,H2,H,592,HOH,0,
1787,O,O,593,HOH,0,
1788,H1,H,593,HOH,0,
1789,H2,H,593,HOH,0,
1790,O,O,594,HOH,0,
1791,H1,H,594,HOH,0,
1792,H2,H,594,HOH,0,
1793,O,O,595,HOH,0,
1794,H1,H,595,HOH,0,
1795,H2,H,595,HOH,0,
1796,O,O,596,HOH,0,
1797,H1,H,596,HOH,0,
1798,H2,H,596,HOH,0,
1799,O,O,597,HOH,0,
1800,H1,H,597,HOH,0,
1801,H2,H,597,HOH,0,
1802,O,O,598,HOH,0,
1803,H1,H,598,HOH,0,
1804,H2,H,598,HOH,0,
1805,O,O,599,HOH,0,
1806,H1,H,599,HOH,0,
1807,H2,H,599,HOH,0,
1808,O,O,600,HOH,0,
1809,H1,H,600,HOH,0,
1810,H2,H,600,HOH,0,
1811,O,O,601,HOH,0,
1812,H1,H,601,HOH,0,
1813,H2,H,601,HOH,0,
1814,O,O,602,HOH,0,
1815,H1,H,602,HOH,0,
1816,H2,H,602,HOH,0,
1817,O,O,603,HOH,0,
1818,H1,H,603,HOH,0,
1819,H2,H,603,HOH,0,
1820,O,O,604,HOH,0,
1821,H1,H,604,HOH,0,
1822,H2,H,604,HOH,0,
1823,O,O,605,HOH,0,
1824,H1,H,605,HOH,0,
1825,H2,H,605,HOH,0,
1826,O,O,606,HOH,0,
1827,H1,H,606,HOH,0,
1828,H2,H,606,HOH,0,
1829,O,O,607,HOH,0,
1830,H1,H,607,HOH,0,
1831,H2,H,607,HOH,0,
1832,O,O,608,HOH,0,
1833,H1,H,608,HOH,0,
1834,H2,H,608,HOH,0,
1835,O,O,609,HOH,0,
1836,H1,H,609,HOH,0,
1837,H2,H,609,HOH,0,
1838,O,O,610,HOH,0,
1839,H1,H,610,HOH,0,
1840,H2,H,610,HOH,0,
1841,O,O,611,HOH,0,
1842,H1,H,611,HOH,0,
1843,H2,H,611,HOH,0,
1844,O,O,612,HOH,0,
1845,H1,H,612,HOH,0,
1846,H2,H,612,HOH,0,
1847,O,O,613,HOH,0,
1848,H1,H,613,HOH,0,
1849,H2,H,613,HOH,0,
1850,O,O,614,HOH,0,
1851,H1,H,614,HOH,0,
1852,H2,H,614,HOH,0,
1853,O,O,615,HOH,0,
1854,H1,H,615,HOH,0,
1855,H2,H,615,HOH,0,
1856,O,O,616,HOH,0,
1857,H1,H,616,HOH,0,
1858,H2,H,616,HOH,0,
1859,O,O,617,HOH,0,
1860,H1,H,617,HOH,0,
1861,H2,H,617,HOH,0,
1862,O,O,618,HOH,0,
1863,H1,H,618,HOH,0,
1864,H2,H,618,HOH,0,
1865,O,O,619,HOH,0,
1866,H1,H,619,HOH,0,
1867,H2,H,619,HOH,0,
1868,O,O,620,HOH,0,
1869,H1,H,620,HOH,0,
1870,H2,H,620,HOH,0,
1871,O,O,621,HOH,0,
1872,H1,H,621,HOH,0,
1873,H2,H,621,HOH,0,
1874,O,O,622,HOH,0,
1875,H1,H,622,HOH,0,
1876,H2,H,622,HOH,0,
1877,O,O,623,HOH,0,
1878,H1,H,623,HOH,0,
1879,H2,H,623,HOH,0,
1880,O,O,624,HOH,0,
1881,H1,H,624,HOH,0,
1882,H2,H,624,HOH,0,
1883,O,O,625,HOH,0,
1884,H1,H,625,HOH,0,
1885,H2,H,625,HOH,0,
1886,O,O,626,HOH,0,
1887,H1,H,626,HOH,0,
1888,H2,H,626,HOH,0,
1889,O,O,627,HOH,0,
1890,H1,H,627,HOH,0,
1891,H2,H,627,HOH,0,
1892,O,O,628,HOH,0,
1893,H1,H,628,HOH,0,
1894,H2,H,628,HOH,0,
1895,O,O,629,HOH,0,
1896,H1,H,629,HOH,0,
1897,H2,H,629,HOH,0,
1898,O,O,630,HOH,0,
1899,H1,H,630,HOH,0,
1900,H2,H,630,HOH,0,
1901,O,O,631,HOH,0,
1902,H1,H,631,HOH,0,
1903,H2,H,631,HOH,0,
1904,O,O,632,HOH,0,
1905,H1,H,632,HOH,0,
1906,H2,H,632,HOH,0,
1907,O,O,633,HOH,0,
1908,H1,H,633,HOH,0,
1909,H2,H,633,HOH,0,
1910,O,O,634,HOH,0,
1911,H1,H,634,HOH,0,
1912,H2,H,634,HOH,0,
1913,O,O,635,HOH,0,
1914,H1,H,635,HOH,0,
1915,H2,H,635,HOH,0,
1916,O,O,636,HOH,0,
1917,H1,H,636,HOH,0,
1918,H2,H,636,HOH,0,
1919,O,O,637,HOH,0,
1920,H1,H,637,HOH,0,
1921,H2,H,637,HOH,0,
1922,O,O,638,HOH,0,
1923,H1,H,638,HOH,0,
1924,H2,H,638,HOH,0,
1925,O,O,639,HOH,0,
1926,H1,H,639,HOH,0,
1927,H2,H,639,HOH,0,
1928,O,O,640,HOH,0,
1929,H1,H,640,HOH,0,
1930,H2,H,640,HOH,0,
1931,O,O,641,HOH,0,
1932,H1,H,641,HOH,0,
1933,H2,H,641,HOH,0,
1934,O,O,642,HOH,0,
1935,H1,H,642,HOH,0,
1936,H2,H,642,HOH,0,
1937,O,O,643,HOH,0,
1938,H1,H,643,HOH,0,
1939,H2,H,643,HOH,0,
1940,O,O,644,HOH,0,
1941,H1,H,644,HOH,0,
1942,H2,H,644,HOH,0,
1943,O,O,645,HOH,0,
1944,H1,H,645,HOH,0,
1945,H2,H,645,HOH,0,
1946,O,O,646,HOH,0,
1947,H1,H,646,HOH,0,
1948,H2,H,646,HOH,0,
1949,O,O,647,HOH,0,
1950,H1,H,647,HOH,0,
1951,H2,H,647,HOH,0,
1952,O,O,648,HOH,0,
1953,H1,H,648,HOH,0,
1954,H2,H,648,HOH,0,
1955,O,O,649,HOH,0,
1956,H1,H,649,HOH,0,
1957,H2,H,649,HOH,0,
1958,O,O,650,HOH,0,
1959,H1,H,650,HOH,0,
1960,H2,H,650,HOH,0,
1961,O,O,651,HOH,0,
1962,H1,H,651,HOH,0,
1963,H2,H,651,HOH,0,
1964,O,O,652,HOH,0,
1965,H1,H,652,HOH,0,
1966,H2,H,652,HOH,0,
1967,O,O,653,HOH,0,
1968,H1,H,653,HOH,0,
1969,H2,H,653,HOH,0,
1970,O,O,654,HOH,0,
1971,H1,H,654,HOH,0,
1972,H2,H,654,HOH,0,
1973,O,O,655,HOH,0,
1974,H1,H,655,HOH,0,
1975,H2,H,655,HOH,0,
1976,O,O,656,HOH,0,
1977,H1,H,656,HOH,0,
1978,H2,H,656,HOH,0,
1979,O,O,657,HOH,0,
1980,H1,H,657,HOH,0,
1981,H2,H,657,HOH,0,
1982,O,O,658,HOH,0,
1983,H1,H,658,HOH,0,
1984,H2,H,658,HOH,0,
1985,O,O,659,HOH,0,
1986,H1,H,659,HOH,0,
1987,H2,H,659,HOH,0,
1988,O,O,660,HOH,0,
1989,H1,H,660,HOH,0,
1990,H2,H,660,HOH,0,
1991,O,O,661,HOH,0,
1992,H1,H,661,HOH,0,
1993,H2,H,661,HOH,0,
1994,O,O,662,HOH,0,
1995,H1,H,662,HOH,0,
1996,H2,H,662,HOH,0,
1997,O,O,663,HOH,0,
1998,H1,H,663,HOH,0,
1999,H2,H,663,HOH,0,
2000,O,O,664,HOH,0,
2001,H1,H,664,HOH,0,
2002,H2,H,664,HOH,0,
2003,O,O,665,HOH,0,
2004,H1,H,665,HOH,0,
2005,H2,H,665,HOH,0,
2006,O,O,666,HOH,0,
2007,H1,H,666,HOH,0,
2008,H2,H,666,HOH,0,
2009,O,O,667,HOH,0,
2010,H1,H,667,HOH,0,
2011,H2,H,667,HOH,0,
2012,O,O,668,HOH,0,
2013,H1,H,668,HOH,0,
2014,H2,H,668,HOH,0,
2015,O,O,669,HOH,0,
2016,H1,H,669,HOH,0,
2017,H2,H,669,HOH,0,
2018,O,O,670,HOH,0,
2019,H1,H,670,HOH,0,
2020,H2,H,670,HOH,0,
2021,O,O,671,HOH,0,
2022,H1,H,671,HOH,0,
2023,H2,H,671,HOH,0,
2024,O,O,672,HOH,0,
2025,H1,H,672,HOH,0,
2026,H2,H,672,HOH,0,
2027,O,O,673,HOH,0,
2028,H1,H,673,HOH,0,
2029,H2,H,673,HOH,0,
2030,O,O,674,HOH,0,
2031,H1,H,674,HOH,0,
2032,H2,H,674,HOH,0,
2033,O,O,675,HOH,0,
2034,H1,H,675,HOH,0,
2035,H2,H,675,HOH,0,
2036,O,O,676,HOH,0,
2037,H1,H,676,HOH,0,
2038,H2,H,676,HOH,0,
2039,O,O,677,HOH,0,
2040,H1,H,677,HOH,0,
2041,H2,H,677,HOH,0,
2042,O,O,678,HOH,0,
2043,H1,H,678,HOH,0,
2044,H2,H,678,HOH,0,
2045,O,O,679,HOH,0,
2046,H1,H,679,HOH,0,
2047,H2,H,679,HOH,0,
2048,O,O,680,HOH,0,
2049,H1,H,680,HOH,0,
2050,H2,H,680,HOH,0,
2051,O,O,681,HOH,0,
2052,H1,H,681,HOH,0,
2053,H2,H,681,HOH,0,
2054,O,O,682,HOH,0,
2055,H1,H,682,HOH,0,
2056,H2,H,682,HOH,0,
2057,O,O,683,HOH,0,
2058,H1,H,683,HOH,0,
2059,H2,H,683,HOH,0,
2060,O,O,684,HOH,0,
2061,H1,H,684,HOH,0,
2062,H2,H,684,HOH,0,
2063,O,O,685,HOH,0,
2064,H1,H,685,HOH,0,
2065,H2,H,685,HOH,0,
2066,O,O,686,HOH,0,
2067,H1,H,686,HOH,0,
2068,H2,H,686,HOH,0,
2069,O,O,687,HOH,0,
2070,H1,H,687,HOH,0,
2071,H2,H,687,HOH,0,
2072,O,O,688,HOH,0,
2073,H1,H,688,HOH,0,
2074,H2,H,688,HOH,0,
2075,O,O,689,HOH,0,
2076,H1,H,689,HOH,0,
2077,H2,H,689,HOH,0,
2078,O,O,690,HOH,0,
2079,H1,H,690,HOH,0,
2080,H2,H,690,HOH,0,
2081,O,O,691,HOH,0,
2082,H1,H,691,HOH,0,
2083,H2,H,691,HOH,0,
2084,O,O,692,HOH,0,
2085,H1,H,692,HOH,0,
2086,H2,H,692,HOH,0,
2087,O,O,693,HOH,0,
2088,H1,H,693,HOH,0,
2089,H2,H,693,HOH,0,
2090,O,O,694,HOH,0,
2091,H1,H,694,HOH,0,
2092,H2,H,694,HOH,0,
2093,O,O,695,HOH,0,
2094,H1,H,695,HOH,0,
2095,H2,H,695,HOH,0,
2096,O,O,696,HOH,0,
2097,H1,H,696,HOH,0,
2098,H2,H,696,HOH,0,
2099,O,O,697,HOH,0,
2100,H1,H,697,HOH,0,
2101,H2,H,697,HOH,0,
2102,O,O,698,HOH,0,
2103,H1,H,698,HOH,0,
2104,H2,H,698,HOH,0,
2105,O,O,699,HOH,0,
2106,H1,H,699,HOH,0,
2107,H2,H,699,HOH,0,
2108,O,O,700,HOH,0,
2109,H1,H,700,HOH,0,
2110,H2,H,700,HOH,0,
2111,O,O,701,HOH,0,
2112,H1,H,701,HOH,0,
2113,H2,H,701,HOH,0,
2114,O,O,702,HOH,0,
2115,H1,H,702,HOH,0,
2116,H2,H,702,HOH,0,
2117,O,O,703,HOH,0,
2118,H1,H,703,HOH,0,
2119,H2,H,703,HOH,0,
2120,O,O,704,HOH,0,
2121,H1,H,704,HOH,0,
2122,H2,H,704,HOH,0,
2123,O,O,705,HOH,0,
2124,H1,H,705,HOH,0,
2125,H2,H,705,HOH,0,
2126,O,O,706,HOH,0,
2127,H1,H,706,HOH,0,
2128,H2,H,706,HOH,0,
2129,O,O,707,HOH,0,
2130,H1,H,707,HOH,0,
2131,H2,H,707,HOH,0,
2132,O,O,708,HOH,0,
2133,H1,H,708,HOH,0,
2134,H2,H,708,HOH,0,
2135,O,O,709,HOH,0,
2136,H1,H,709,HOH,0,
2137,H2,H,709,HOH,0,
2138,O,O,710,HOH,0,
2139,H1,H,710,HOH,0,
2140,H2,H,710,HOH,0,
2141,O,O,711,HOH,0,
2142,H1,H,711,HOH,0,
2143,H2,H,711,HOH,0,
2144,O,O,712,HOH,0,
2145,H1,H,712,HOH,0,
2146,H2,H,712,HOH,0,
2147,O,O,713,HOH,0,
2148,H1,H,713,HOH,0,
2149,H2,H,713,HOH,0,
2150,O,O,714,HOH,0,
2151,H1,H,714,HOH,0,
2152,H2,H,714,HOH,0,
2153,O,O,715,HOH,0,
2154,H1,H,715,HOH,0,
2155,H2,H,715,HOH,0,
2156,O,O,716,HOH,0,
2157,H1,H,716,HOH,0,
2158,H2,H,716,HOH,0,
2159,O,O,717,HOH,0,
2160,H1,H,717,HOH,0,
2161,H2,H,717,HOH,0,
2162,O,O,718,HOH,0,
2163,H1,H,718,HOH,0,
2164,H2,H,718,HOH,0,
2165,O,O,719,HOH,0,
2166,H1,H,719,HOH,0,
2167,H2,H,719,HOH,0,
2168,O,O,720,HOH,0,
2169,H1,H,720,HOH,0,
2170,H2,H,720,HOH,0,
2171,O,O,721,HOH,0,
2172,H1,H,721,HOH,0,
2173,H2,H,721,HOH,0,
2174,O,O,722,HOH,0,
2175,H1,H,722,HOH,0,
2176,H2,H,722,HOH,0,
2177,O,O,723,HOH,0,
2178,H1,H,723,HOH,0,
2179,H2,H,723,HOH,0,
2180,O,O,724,HOH,0,
2181,H1,H,724,HOH,0,
2182,H2,H,724,HOH,0,
2183,O,O,725,HOH,0,
2184,H1,H,725,HOH,0,
2185,H2,H,725,HOH,0,
2186,O,O,726,HOH,0,
2187,H1,H,726,HOH,0,
2188,H2,H,726,HOH,0,
2189,O,O,727,HOH,0,
2190,H1,H,727,HOH,0,
2191,H2,H,727,HOH,0,
2192,O,O,728,HOH,0,
2193,H1,H,728,HOH,0,
2194,H2,H,728,HOH,0,
2195,O,O,729,HOH,0,
2196,H1,H,729,HOH,0,
2197,H2,H,729,HOH,0,
2198,O,O,730,HOH,0,
2199,H1,H,730,HOH,0,
2200,H2,H,730,HOH,0,
2201,O,O,731,HOH,0,
2202,H1,H,731,HOH,0,
2203,H2,H,731,HOH,0,
2204,O,O,732,HOH,0,
2205,H1,H,732,HOH,0,
2206,H2,H,732,HOH,0,
2207,O,O,733,HOH,0,
2208,H1,H,733,HOH,0,
2209,H2,H,733,HOH,0,
2210,O,O,734,HOH,0,
2211,H1,H,734,HOH,0,
2212,H2,H,734,HOH,0,
2213,O,O,735,HOH,0,
2214,H1,H,735,HOH,0,
2215,H2,H,735,HOH,0,
2216,O,O,736,HOH,0,
2217,H1,H,736,HOH,0,
2218,H2,H,736,HOH,0,
2219,O,O,737,HOH,0,
2220,H1,H,737,HOH,0,
2221,H2,H,737,HOH,0,
2222,O,O,738,HOH,0,
2223,H1,H,738,HOH,0,
2224,H2,H,738,HOH,0,
2225,O,O,739,HOH,0,
2226,H1,H,739,HOH,0,
2227,H2,H,739,HOH,0,
2228,O,O,740,HOH,0,
2229,H1,H,740,HOH,0,
2230,H2,H,740,HOH,0,
2231,O,O,741,HOH,0,
2232,H1,H,741,HOH,0,
2233,H2,H,741,HOH,0,
2234,O,O,742,HOH,0,
2235,H1,H,742,HOH,0,
2236,H2,H,742,HOH,0,
2237,O,O,743,HOH,0,
2238,H1,H,743,HOH,0,
2239,H2,H,743,HOH,0,
2240,O,O,744,HOH,0,
2241,H1,H,744,HOH,0,
2242,H2,H,744,HOH,0,
2243,O,O,745,HOH,0,
2244,H1,H,745,HOH,0,
2245,H2,H,745,HOH,0,
2246,O,O,746,HOH,0,
2247,H1,H,746,HOH,0,
2248,H2,H,746,HOH,0,
2249,O,O,747,HOH,0,
2250,H1,H,747,HOH,0,
2251,H2,H,747,HOH,0,
2252,O,O,748,HOH,0,
2253,H1,H,748,HOH,0,
2254,H2,H,748,HOH,0,
2255,O,O,749,HOH,0,
2256,H1,H,749,HOH,0,
2257,H2,H,749,HOH,0,
2258,O,O,750,HOH,0,
2259,H1,H,750,HOH,0,
2260,H2,H,750,HOH,0,
2261,O,O,751,HOH,0,
2262,H1,H,751,HOH,0,
2263,H2,H,751,HOH,0,
2264,O,O,752,HOH,0,
2265,H1,H,752,HOH,0,
2266,H2,H,752,HOH,0,
2267,O,O,753,HOH,0,
2268,H1,H,753,HOH,0,
2269,H2,H,753,HOH,0,
2270,O,O,754,HOH,0,
2271,H1,H,754,HOH,0,
2272,H2,H,754,HOH,0,
2273,O,O,755,HOH,0,
2274,H1,H,755,HOH,0,
2275,H2,H,755,HOH,0,
2276,O,O,756,HOH,0,
2277,H1,H,756,HOH,0,
2278,H2,H,756,HOH,0,
2279,O,O,757,HOH,0,
2280,H1,H,757,HOH,0,
2281,H2,H,757,HOH,0,
2282,O,O,758,HOH,0,
2283,H1,H,758,HOH,0,
2284,H2,H,758,HOH,0,
2285,O,O,759,HOH,0,
2286,H1,H,759,HOH,0,
2287,H2,H,759,HOH,0,
2288,O,O,760,HOH,0,
2289,H1,H,760,HOH,0,
2290,H2,H,760,HOH,0,
2291,O,O,761,HOH,0,
2292,H1,H,761,HOH,0,
2293,H2,H,761,HOH,0,
2294,O,O,762,HOH,0,
2295,H1,H,762,HOH,0,
2296,H2,H,762,HOH,0,
2297,O,O,763,HOH,0,
2298,H1,H,763,HOH,0,
2299,H2,H,763,HOH,0,
2300,O,O,764,HOH,0,
2301,H1,H,764,HOH,0,
2302,H2,H,764,HOH,0,
2303,O,O,765,HOH,0,
2304,H1,H,765,HOH,0,
2305,H2,H,765,HOH,0,
2306,O,O,766,HOH,0,
2307,H1,H,766,HOH,0,
2308,H2,H,766,HOH,0,
2309,O,O,767,HOH,0,
2310,H1,H,767,HOH,0,
2311,H2,H,767,HOH,0,
2312,O,O,768,HOH,0,
2313,H1,H,768,HOH,0,
2314,H2,H,768,HOH,0,
2315,O,O,769,HOH,0,
2316,H1,H,769,HOH,0,
2317,H2,H,769,HOH,0,
2318,O,O,770,HOH,0,
2319,H1,H,770,HOH,0,
2320,H2,H,770,HOH,0,
2321,O,O,771,HOH,0,
2322,H1,H,771,HOH,0,
2323,H2,H,771,HOH,0,
2324,O,O,772,HOH,0,
2325,H1,H,772,HOH,0,
2326,H2,H,772,HOH,0,
2327,O,O,773,HOH,0,
2328,H1,H,773,HOH,0,
2329,H2,H,773,HOH,0,
2330,O,O,774,HOH,0,
2331,H1,H,774,HOH,0,
2332,H2,H,774,HOH,0,
2333,O,O,775,HOH,0,
2334,H1,H,775,HOH,0,
2335,H2,H,775,HOH,0,
2336,O,O,776,HOH,0,
2337,H1,H,776,HOH,0,
2338,H2,H,776,HOH,0,
2339,O,O,777,HOH,0,
2340,H1,H,777,HOH,0,
2341,H2,H,777,HOH,0,
2342,O,O,778,HOH,0,
2343,H1,H,778,HOH,0,
2344,H2,H,778,HOH,0,
2345,O,O,779,HOH,0,
2346,H1,H,779,HOH,0,
2347,H2,H,779,HOH,0,
2348,O,O,780,HOH,0,
2349,H1,H,780,HOH,0,
2350,H2,H,780,HOH,0,
2351,O,O,781,HOH,0,
2352,H1,H,781,HOH,0,
2353,H2,H,781,HOH,0,
2354,O,O,782,HOH,0,
2355,H1,H,782,HOH,0,
2356,H2,H,782,HOH,0,
2357,O,O,783,HOH,0,
2358,H1,H,783,HOH,0,
2359,H2,H,783,HOH,0,
2360,O,O,784,HOH,0,
2361,H1,H,784,HOH,0,
2362,H2,H,784,HOH,0,
2363,O,O,785,HOH,0,
2364,H1,H,785,HOH,0,
2365,H2,H,785,HOH,0,
2366,O,O,786,HOH,0,
2367,H1,H,786,HOH,0,
2368,H2,H,786,HOH,0,
2369,O,O,787,HOH,0,
2370,H1,H,787,HOH,0,
2371,H2,H,787,HOH,0,
2372,O,O,788,HOH,0,
2373,H1,H,788,HOH,0,
2374,H2,H,788,HOH,0,
2375,O,O,789,HOH,0,
2376,H1,H,789,HOH,0,
2377,H2,H,789,HOH,0,
2378,O,O,790,HOH,0,
2379,H1,H,790,HOH,0,
2380,H2,H,790,HOH,0,
2381,O,O,791,HOH,0,
2382,H1,H,791,HOH,0,
2383,H2,H,791,HOH,0,
2384,O,O,792,HOH,0,
2385,H1,H,792,HOH,0,
2386,H2,H,792,HOH,0,
2387,O,O,793,HOH,0,
2388,H1,H,793,HOH,0,
2389,H2,H,793,HOH,0,
2390,O,O,794,HOH,0,
2391,H1,H,794,HOH,0,
2392,H2,H,794,HOH,0,
2393,O,O,795,HOH,0,
2394,H1,H,795,HOH,0,
2395,H2,H,795,HOH,0,
2396,O,O,796,HOH,0,
2397,H1,H,796,HOH,0,
2398,H2,H,796,HOH,0,
2399,O,O,797,HOH,0,
2400,H1,H,797,HOH,0,
2401,H2,H,797,HOH,0,
2402,O,O,798,HOH,0,
2403,H1,H,798,HOH,0,
2404,H2,H,798,HOH,0,
2405,O,O,799,HOH,0,
2406,H1,H,799,HOH,0,
2407,H2,H,799,HOH,0,
2408,O,O,800,HOH,0,
2409,H1,H,800,HOH,0,
2410,H2,H,800,HOH,0,
2411,O,O,801,HOH,0,
2412,H1,H,801,HOH,0,
2413,H2,H,801,HOH,0,
2414,O,O,802,HOH,0,
2415,H1,H,802,HOH,0,
2416,H2,H,802,HOH,0,
2417,O,O,803,HOH,0,
2418,H1,H,803,HOH,0,
2419,H2,H,803,HOH,0,
2420,O,O,804,HOH,0,
2421,H1,H,804,HOH,0,
2422,H2,H,804,HOH,0,
2423,O,O,805,HOH,0,
2424,H1,H,805,HOH,0,
2425,H2,H,805,HOH,0,
2426,O,O,806,HOH,0,
2427,H1,H,806,HOH,0,
2428,H2,H,806,HOH,0,
2429,O,O,807,HOH,0,
2430,H1,H,807,HOH,0,
2431,H2,H,807,HOH,0,
2432,O,O,808,HOH,0,
2433,H1,H,808,HOH,0,
2434,H2,H,808,HOH,0,
2435,O,O,809,HOH,0,
2436,H1,H,809,HOH,0,
2437,H2,H,809,HOH,0,
2438,O,O,810,HOH,0,
2439,H1,H,810,HOH,0,
2440,H2,H,810,HOH,0,
2441,O,O,811,HOH,0,
2442,H1,H,811,HOH,0,
2443,H2,H,811,HOH,0,
2444,O,O,812,HOH,0,
2445,H1,H,812,HOH,0,
2446,H2,H,812,HOH,0,
2447,O,O,813,HOH,0,
2448,H1,H,813,HOH,0,
2449,H2,H,813,HOH,0,
2450,O,O,814,HOH,0,
2451,H1,H,814,HOH,0,
2452,H2,H,814,HOH,0,
2453,O,O,815,HOH,0,
2454,H1,H,815,HOH,0,
2455,H2,H,815,HOH,0,
2456,O,O,816,HOH,0,
2457,H1,H,816,HOH,0,
2458,H2,H,816,HOH,0,
2459,O,O,817,HOH,0,
2460,H1,H,817,HOH,0,
2461,H2,H,817,HOH,0,
2462,O,O,818,HOH,0,
2463,H1,H,818,HOH,0,
2464,H2,H,818,HOH,0,
2465,O,O,819,HOH,0,
2466,H1,H,819,HOH,0,
2467,H2,H,819,HOH,0,
2468,O,O,820,HOH,0,
2469,H1,H,820,HOH,0,
2470,H2,H,820,HOH,0,
2471,O,O,821,HOH,0,
2472,H1,H,821,HOH,0,
2473,H2,H,821,HOH,0,
2474,O,O,822,HOH,0,
2475,H1,H,822,HOH,0,
2476,H2,H,822,HOH,0,
2477,O,O,823,HOH,0,
2478,H1,H,823,HOH,0,
2479,H2,H,823,HOH,0,
2480,O,O,824,HOH,0,
2481,H1,H,824,HOH,0,
2482,H2,H,824,HOH,0,
2483,O,O,825,HOH,0,
2484,H1,H,825,HOH,0,
2485,H2,H,825,HOH,0,
2486,O,O,826,HOH,0,
2487,H1,H,826,HOH,0,
2488,H2,H,826,HOH,0,
2489,O,O,827,HOH,0,
2490,H1,H,827,HOH,0,
2491,H2,H,827,HOH,0,
2492,O,O,828,HOH,0,
2493,H1,H,828,HOH,0,
2494,H2,H,828,HOH,0,
2495,O,O,829,HOH,0,
2496,H1,H,829,HOH,0,
2497,H2,H,829,HOH,0,
2498,O,O,830,HOH,0,
2499,H1,H,830,HOH,0,
2500,H2,H,830,HOH,0,
2501,O,O,831,HOH,0,
2502,H1,H,831,HOH,0,
2503,H2,H,831,HOH,0,
2504,O,O,832,HOH,0,
2505,H1,H,832,HOH,0,
2506,H2,H,832,HOH,0,
2507,O,O,833,HOH,0,
2508,H1,H,833,HOH,0,
2509,H2,H,833,HOH,0,
2510,O,O,834,HOH,0,
2511,H1,H,834,HOH,0,
2512,H2,H,834,HOH,0,
2513,O,O,835,HOH,0,
2514,H1,H,835,HOH,0,
2515,H2,H,835,HOH,0,
2516,O,O,836,HOH,0,
2517,H1,H,836,HOH,0,
2518,H2,H,836,HOH,0,
2519,O,O,837,HOH,0,
2520,H1,H,837,HOH,0,
2521,H2,H,837,HOH,0,
2522,O,O,838,HOH,0,
2523,H1,H,838,HOH,0,
2524,H2,H,838,HOH,0,
2525,O,O,839,HOH,0,
2526,H1,H,839,HOH,0,
2527,H2,H,839,HOH,0,
2528,O,O,840,HOH,0,
2529,H1,H,840,HOH,0,
2530,H2,H,840,HOH,0,
2531,O,O,841,HOH,0,
2532,H1,H,841,HOH,0,
2533,H2,H,841,HOH,0,
2534,O,O,842,HOH,0,
2535,H1,H,842,HOH,0,
2536,H2,H,842,HOH,0,
2537,O,O,843,HOH,0,
2538,H1,H,843,HOH,0,
2539,H2,H,843,HOH,0,
2540,O,O,844,HOH,0,
2541,H1,H,844,HOH,0,
2542,H2,H,844,HOH,0,
2543,O,O,845,HOH,0,
2544,H1,H,845,HOH,0,
2545,H2,H,845,HOH,0,
2546,O,O,846,HOH,0,
2547,H1,H,846,HOH,0,
2548,H2,H,846,HOH,0,
2549,O,O,847,HOH,0,
2550,H1,H,847,HOH,0,
2551,H2,H,847,HOH,0,
2552,O,O,848,HOH,0,
2553,H1,H,848,HOH,0,
2554,H2,H,848,HOH,0,
2555,O,O,849,HOH,0,
2556,H1,H,849,HOH,0,
2557,H2,H,849,HOH,0,
2558,O,O,850,HOH,0,
2559,H1,H,850,HOH,0,
2560,H2,H,850,HOH,0,
2561,O,O,851,HOH,0,
2562,H1,H,851,HOH,0,
2563,H2,H,851,HOH,0,
2564,O,O,852,HOH,0,
2565,H1,H,852,HOH,0,
2566,H2,H,852,HOH,0,
2567,O,O,853,HOH,0,
2568,H1,H,853,HOH,0,
2569,H2,H,853,HOH,0,
2570,O,O,854,HOH,0,
2571,H1,H,854,HOH,0,
2572,H2,H,854,HOH,0,
2573,O,O,855,HOH,0,
2574,H1,H,855,HOH,0,
2575,H2,H,855,HOH,0,
2576,O,O,856,HOH,0,
2577,H1,H,856,HOH,0,
2578,H2,H,856,HOH,0,
2579,O,O,857,HOH,0,
2580,H1,H,857,HOH,0,
2581,H2,H,857,HOH,0,
2582,O,O,858,HOH,0,
2583,H1,H,858,HOH,0,
2584,H2,H,858,HOH,0,
2585,O,O,859,HOH,0,
2586,H1,H,859,HOH,0,
2587,H2,H,859,HOH,0,
2588,O,O,860,HOH,0,
2589,H1,H,860,HOH,0,
2590,H2,H,860,HOH,0,
2591,O,O,861,HOH,0,
2592,H1,H,861,HOH,0,
2593,H2,H,861,HOH,0,
2594,O,O,862,HOH,0,
2595,H1,H,862,HOH,0,
2596,H2,H,862,HOH,0,
2597,O,O,863,HOH,0,
2598,H1,H,863,HOH,0,
2599,H2,H,863,HOH,0,
2600,O,O,864,HOH,0,
2601,H1,H,864,HOH,0,
2602,H2,H,864,HOH,0,
2603,O,O,865,HOH,0,
2604,H1,H,865,HOH,0,
2605,H2,H,865,HOH,0,
2606,O,O,866,HOH,0,
2607,H1,H,866,HOH,0,
2608,H2,H,866,HOH,0,
2609,O,O,867,HOH,0,
2610,H1,H,867,HOH,0,
2611,H2,H,867,HOH,0,
2612,O,O,868,HOH,0,
2613,H1,H,868,HOH,0,
2614,H2,H,868,HOH,0,
2615,O,O,869,HOH,0,
2616,H1,H,869,HOH,0,
2617,H2,H,869,HOH,0,
2618,O,O,870,HOH,0,
2619,H1,H,870,HOH,0,
2620,H2,H,870,HOH,0,
2621,O,O,871,HOH,0,
2622,H1,H,871,HOH,0,
2623,H2,H,871,HOH,0,
2624,O,O,872,HOH,0,
2625,H1,H,872,HOH,0,
2626,H2,H,872,HOH,0,
2627,O,O,873,HOH,0,
2628,H1,H,873,HOH,0,
2629,H2,H,873,HOH,0,
2630,O,O,874,HOH,0,
2631,H1,H,874,HOH,0,
2632,H2,H,874,HOH,0,
2633,O,O,875,HOH,0,
2634,H1,H,875,HOH,0,
2635,H2,H,875,HOH,0,
2636,O,O,876,HOH,0,
2637,H1,H,876,HOH,0,
2638,H2,H,876,HOH,0,
2639,O,O,877,HOH,0,
2640,H1,H,877,HOH,0,
2641,H2,H,877,HOH,0,
2642,O,O,878,HOH,0,
2643,H1,H,878,HOH,0,
2644,H2,H,878,HOH,0,
